﻿<?xml version="1.0" encoding="UTF-8" ?>
<OBJECT TYPE="SERVER_CONTAINER" CLASS="VF_FP006" ID="SERVER_CONTAINER_1" >
<PROPERTY NAME="IP_LAST" VALUE="20110303-110908-VLFPGMLIB"/>
<PROPERTY NAME="UDECRYPTMETHOD" VALUE="DECRYPT2"/>
<PROPERTY NAME="UDESCRIPTION" LANG="ENG" VALUE="Default Server Container 1"/>
<PROPERTY NAME="UDESCRIPTION" LANG="FRA" VALUE="Conteneur Serveur par defaut 1"/>
<PROPERTY NAME="UDESCRIPTION" LANG="JPN" VALUE="標準ｻｰﾊﾞｰｺﾝﾃﾅ1"/>
<OBJECT TYPE="SERVER" CLASS="VF_FP007" ID="SERVER_1" >
<PROPERTY NAME="IP_LAST" VALUE="20180604-144647-SSULLINS"/>
<PROPERTY NAME="UAUTOSESSRECOVERY" VALUE="TRUE"/>
<PROPERTY NAME="UBLOCKSIZE" TYPE="N" VALUE="500"/>
<PROPERTY NAME="UCAPTION" LANG="ENG" VALUE="MISSION"/>
<PROPERTY NAME="UCAPTION" LANG="FRA" VALUE="Mon AS/400"/>
<PROPERTY NAME="UCAPTION" LANG="JPN" VALUE="使用するAS/400"/>
<PROPERTY NAME="UIBMIPORT" VALUE="4545"/>
<PROPERTY NAME="UIBMISERVERNAME" VALUE="10.1.148.81"/>
<PROPERTY NAME="UICONNAME" VALUE="VF_IC073"/>
<PROPERTY NAME="URTSENGINE" VALUE="TS2"/>
<PROPERTY NAME="USERVERLUNAME" VALUE="MISSION"/>
<PROPERTY NAME="USERVERTYPE" VALUE="AS/400"/>
</OBJECT>
</OBJECT>
