﻿<?xml version="1.0" encoding="UTF-8" ?>
<OBJECT TYPE="FRAMEWORK" CLASS="VF_FP001" ID="VF_SHIPPED" >
<PROPERTY NAME="CA_UM056_INITIALIZE" VALUE="TRUE"/>
<PROPERTY NAME="CA_UM056_SAVEBTN" VALUE="FALSE"/>
<PROPERTY NAME="CA_UM056_TERMINATE" VALUE="TRUE"/>
<PROPERTY NAME="CA_UM056_USEGRID" VALUE="FALSE"/>
<PROPERTY NAME="CA_UM109_CHK_CONNECT" VALUE="TRUE"/>
<PROPERTY NAME="CA_UM109_LISTEN" VALUE="TRUE"/>
<PROPERTY NAME="CA_UM109_TERMINATE" VALUE="TRUE"/>
<PROPERTY NAME="IP_LAST" VALUE="20160112-091043-BAXTERB01"/>
<PROPERTY NAME="UABOUTBITMAP" VALUE=""/>
<PROPERTY NAME="UABOUTLINE" LANG="ENG" VALUE="Copyright 2015 TruGreen."/>
<PROPERTY NAME="UABOUTLINE" LANG="ENG" INST="2" VALUE="All rights reserved."/>
<PROPERTY NAME="UABOUTLINE" LANG="ENG" INST="3" VALUE=""/>
<PROPERTY NAME="UABOUTLINE" LANG="ENG" INST="4" VALUE="Warning: this computer program is protected by copyright law and international treaties."/>
<PROPERTY NAME="UABOUTLINE" LANG="ENG" INST="5" VALUE="Unauthorised reproduction of it, or any portion of it, may result in severe civil and criminal penalties,"/>
<PROPERTY NAME="UABOUTLINE" LANG="ENG" INST="6" VALUE="and will be prosecuted to the maximum extent possible under the law."/>
<PROPERTY NAME="UABOUTLINE" LANG="FRA" VALUE="Copyright 20xx &lt;nom de l'entreprise&gt;  Tous droits réservés."/>
<PROPERTY NAME="UABOUTLINE" LANG="FRA" INST="00002" VALUE=""/>
<PROPERTY NAME="UABOUTLINE" LANG="FRA" INST="00003" VALUE="Attention : ce programme est protégé par les lois et règlements internationaux sur le copyright."/>
<PROPERTY NAME="UABOUTLINE" LANG="FRA" INST="00004" VALUE=""/>
<PROPERTY NAME="UABOUTLINE" LANG="FRA" INST="00005" VALUE="La reproduction ou la distribution non autorisée de ce programme, ou d'une quelconque partie de"/>
<PROPERTY NAME="UABOUTLINE" LANG="FRA" INST="00006" VALUE="celui-ci, donnera lieu a poursuite pénale ou criminelle selon la loi en vigueur."/>
<PROPERTY NAME="UABOUTLINE" LANG="JPN" VALUE="Copyright 20xx &lt;会社名&gt; All rights reserved."/>
<PROPERTY NAME="UABOUTLINE" LANG="JPN" INST="00002" VALUE=""/>
<PROPERTY NAME="UABOUTLINE" LANG="JPN" INST="00003" VALUE="警告: この製品は、日本国著作権法および国"/>
<PROPERTY NAME="UABOUTLINE" LANG="JPN" INST="00004" VALUE="際条約により保護されています。この製品の"/>
<PROPERTY NAME="UABOUTLINE" LANG="JPN" INST="00005" VALUE="全部または一部を無断で複製したり、無断で"/>
<PROPERTY NAME="UABOUTLINE" LANG="JPN" INST="00006" VALUE="複製物を頒布すると、著作権の侵害となりま"/>
<PROPERTY NAME="UABOUTLINE" LANG="JPN" INST="00007" VALUE="すのでご注意ください。"/>
<PROPERTY NAME="UABOUTLINEMAX" TYPE="N" LANG="ENG" VALUE="6"/>
<PROPERTY NAME="UABOUTLINEMAX" TYPE="N" LANG="FRA" VALUE="6"/>
<PROPERTY NAME="UABOUTLINEMAX" TYPE="N" LANG="JPN" VALUE="7"/>
<PROPERTY NAME="UALLOWAJAXFEATURES" VALUE="FALSE"/>
<PROPERTY NAME="UALLOWIBMPSWCHG" VALUE="TRUE"/>
<PROPERTY NAME="UALLOWNETFEATURES" VALUE="FALSE"/>
<PROPERTY NAME="UALLOWPOSITION" VALUE="FALSE"/>
<PROPERTY NAME="UALLOWSHRINKING" VALUE="TRUE"/>
<PROPERTY NAME="UALLOWWAMFEATURES" VALUE="FALSE"/>
<PROPERTY NAME="UALLOWWEBFEATURES" VALUE="FALSE"/>
<PROPERTY NAME="UAPPLYEXTVALIDATION" VALUE="TRUE"/>
<PROPERTY NAME="UAUTOSAVEMINTIME" TYPE="N" VALUE="10"/>
<PROPERTY NAME="UCAPTION" LANG="ENG" VALUE="Mission Customer Service - Phase 1"/>
<PROPERTY NAME="UCAPTION" LANG="FRA" VALUE="Votre cadre d'application"/>
<PROPERTY NAME="UCAPTION" LANG="JPN" VALUE="ﾌﾚｰﾑﾜｰｸ"/>
<PROPERTY NAME="UCHANGEVLMAINTHEME" VALUE="TRUE"/>
<PROPERTY NAME="UCMDMULTILINE" VALUE="TRUE"/>
<PROPERTY NAME="UCMDTABLOCATION" VALUE="TOP"/>
<PROPERTY NAME="UCMDTABSHOWALL" VALUE="TRUE"/>
<PROPERTY NAME="UCONNECTTOSERVER" VALUE="TRUE"/>
<PROPERTY NAME="UDECRYPTMETHOD" VALUE="DECRYPT2"/>
<PROPERTY NAME="UDEFAULTREPORTFONT" LANG="ENG" VALUE="Arial"/>
<PROPERTY NAME="UDEFAULTREPORTFONT" LANG="JPN" VALUE="ＭＳ Ｐゴシック"/>
<PROPERTY NAME="UERROREMAILADDRESS" VALUE=""/>
<PROPERTY NAME="UHINT" LANG="ENG" VALUE=""/>
<PROPERTY NAME="UIABOUTBITMAP" VALUE="UF_IM001"/>
<PROPERTY NAME="UICONNAME" VALUE="VF_IC027"/>
<PROPERTY NAME="UINTROFIRSTTIMEONLY" VALUE="FALSE"/>
<PROPERTY NAME="UINTROIMAGEFILE" VALUE="TruGreen_VLF1.PNG"/>
<PROPERTY NAME="UINTROMETHOD" VALUE="IMAGEREAL"/>
<PROPERTY NAME="UINTROURL" LANG="ENG" VALUE="http://www.trugreen.com"/>
<PROPERTY NAME="UINTROURL" LANG="FRA" VALUE="*AUTO*df_demo_vlf_page1_FR.htm"/>
<PROPERTY NAME="UINTROURL" LANG="JPN" VALUE="*AUTO*df_demo_vlf_page1_JPN.htm"/>
<PROPERTY NAME="UINTROURLCAPTION" LANG="ENG" VALUE="Visit our Web Site for More Information"/>
<PROPERTY NAME="UINTROURLCAPTION" LANG="FRA" VALUE="Visitez notre site Web"/>
<PROPERTY NAME="UINTROURLCAPTION" LANG="JPN" VALUE="ｳｪﾌﾞｻｲﾄを参照して下さい"/>
<PROPERTY NAME="UINTROURLMETHOD" VALUE="SHELL"/>
<PROPERTY NAME="ULOGONIMAGE" VALUE="trugreen-logo.png"/>
<PROPERTY NAME="ULOGONIMAGEH" TYPE="N" VALUE="74"/>
<PROPERTY NAME="ULOGONIMAGEW" TYPE="N" VALUE="484"/>
<PROPERTY NAME="UMAXSIGNONATTEMPTS" TYPE="N" VALUE="3"/>
<PROPERTY NAME="UMAXSIGNONEXCEEDED" VALUE="WITHMSG"/>
<PROPERTY NAME="UMRULIMIT" TYPE="N" VALUE="7"/>
<PROPERTY NAME="UMRUWIDTH" TYPE="N" VALUE="160"/>
<PROPERTY NAME="UNBASE04VISUALSTYLE" LANG="ENG" VALUE="VF_VS104X"/>
<PROPERTY NAME="UNBASE06VISUALSTYLE" LANG="JPN" VALUE="VF_VS106J"/>
<PROPERTY NAME="UNBASE07VISUALSTYLE" LANG="ENG" VALUE="VF_VS107X"/>
<PROPERTY NAME="UNBASE07VISUALSTYLE" LANG="JPN" VALUE="VF_VS107J"/>
<PROPERTY NAME="UNBASE11VISUALSTYLE" LANG="JPN" VALUE="VF_VS111J"/>
<PROPERTY NAME="UNBASEVISUALSTYLE" LANG="JPN" VALUE="VF_VS101J"/>
<PROPERTY NAME="UNODEXMLFILE" VALUE="Mission_CSR_Nodes_P1.xml"/>
<PROPERTY NAME="UNURLVISUALSTYLE" LANG="JPN" VALUE="VF_VS105J"/>
<PROPERTY NAME="UOBJCMDWINDOW" VALUE="OWNFORM"/>
<PROPERTY NAME="UPHTMLFILEPREFIX" VALUE="Mission_CSR_System_P1"/>
<PROPERTY NAME="UPRAMPJSPREFIX" VALUE="Mission_CSR_Nodes_P1"/>
<PROPERTY NAME="UPREFERXMLDFTPATH" VALUE="TRUE"/>
<PROPERTY NAME="UPREFERXMLFILE" VALUE="Mission_CSR_system_Preferences_P1.xml"/>
<PROPERTY NAME="UPREFERXMLFILE" INST="2" VALUE="vf_sy001_system_Preferences_2_BAXTERB01.xml"/>
<PROPERTY NAME="URADPADFORMAT" VALUE="HTM"/>
<PROPERTY NAME="URAMPSTAMP" VALUE="20160112-091043"/>
<PROPERTY NAME="URICHTEXTCONTROL" VALUE="FALSE"/>
<PROPERTY NAME="USELECTAPPMETHOD" VALUE="TREE"/>
<PROPERTY NAME="USELECTAPPSWITCH" VALUE="TRUE"/>
<PROPERTY NAME="USERVERXMLFILE" VALUE="Mission_CSR_Servers_P1.xml"/>
<PROPERTY NAME="USIGNON" VALUE="TRUE"/>
<PROPERTY NAME="USIGNONLAUNCHWIN" LANG="ENG" VALUE=""/>
<PROPERTY NAME="USYSINFO" VALUE="*DEFAULT"/>
<PROPERTY NAME="UTABLEXMLFILE" VALUE="Mission_CSR_Tables_P1.xml"/>
<PROPERTY NAME="UTECHSUPPORT" VALUE="http://www.trugreen.com"/>
<PROPERTY NAME="UTOOLBARHEIGHT" TYPE="N" VALUE="33"/>
<PROPERTY NAME="UTOOLBARSTYLE" VALUE="1"/>
<PROPERTY NAME="UTRIMWORKSET" VALUE="TRUE"/>
<PROPERTY NAME="UUSEFRAMEAUTHORITY" VALUE="FALSE"/>
<PROPERTY NAME="UUSERCHGOWNPASSWORD" VALUE="FALSE"/>
<PROPERTY NAME="UUSERIIP" VALUE="CM_SYSTM"/>
<PROPERTY NAME="UUSEROBJECTTYPE" VALUE="MISSION_CSR"/>
<PROPERTY NAME="UUSERXMLDFTPATH" VALUE="TRUE"/>
<PROPERTY NAME="UUSERXMLFILE" VALUE="Mission_CSR_Users.xml"/>
<PROPERTY NAME="UUSERXMLINTABLE" VALUE="FALSE"/>
<PROPERTY NAME="UUSERXMLSET" VALUE="SYSTEM"/>
<PROPERTY NAME="UUSEVERSIONFOLDERS" VALUE="TRUE"/>
<PROPERTY NAME="UVERSIONABOUT" VALUE="FALSE"/>
<PROPERTY NAME="UVERSIONP4" TYPE="N" VALUE="6"/>
<PROPERTY NAME="UVLMAINTHEME" VALUE="2014CLEAN"/>
<PROPERTY NAME="UWEBHELPWINDOW" LANG="ENG" VALUE="width=400,height=200,directories=no,toolbar=no,menubar=no,scrollbars=yes,resizable=yes"/>
<PROPERTY NAME="UWEBLOADIMG" LANG="ENG" VALUE="VF_IC5043.GIF"/>
<PROPERTY NAME="UWEBLOADMSG" LANG="ENG" VALUE="Welcome. Please Wait."/>
<PROPERTY NAME="UWEBLOADMSG" LANG="FRA" VALUE="Bienvenue. Patientez quelques instants."/>
<PROPERTY NAME="UWEBLOADMSG" LANG="JPN" VALUE="ﾛｰﾄﾞ中です... お待ちください。"/>
<PROPERTY NAME="UWORKOFFLINE" VALUE="FALSE"/>
<MEMBER CLASS="VF_FP009" ID="COMMAND_165">
<PROPERTY NAME="IP_LAST" VALUE="20150330-132218-BAXTERB01"/>
<PROPERTY NAME="UAUTOCREATEAPPL" VALUE="TRUE"/>
<PROPERTY NAME="UBITMAPNAME" VALUE="VF_BM365"/>
<PROPERTY NAME="UCAPTION" LANG="ENG" VALUE="About"/>
<PROPERTY NAME="UCAPTION" LANG="FRA" VALUE="A propos..."/>
<PROPERTY NAME="UCAPTION" LANG="JPN" VALUE="製品情報..."/>
<PROPERTY NAME="UCAPTIONACCEL" LANG="ENG" VALUE="&amp;About..."/>
<PROPERTY NAME="UCAPTIONACCEL" LANG="FRA" VALUE="&amp;A propos..."/>
<PROPERTY NAME="UCAPTIONACCEL" LANG="JPN" VALUE="製品情報(&amp;A)..."/>
<PROPERTY NAME="UCOMMANDGROUPID" VALUE="COMMANDREF_24"/>
<PROPERTY NAME="UHINT" LANG="ENG" VALUE="About..."/>
<PROPERTY NAME="UHINT" LANG="FRA" VALUE="A propos..."/>
<PROPERTY NAME="UHINT" LANG="JPN" VALUE="製品情報..."/>
<PROPERTY NAME="UICONNAME" VALUE="VF_IC127"/>
<PROPERTY NAME="USHOWONTOOLBAR" VALUE="FALSE"/>
<PROPERTY NAME="UTOOLBARBUTTONWIDTH" TYPE="N" VALUE="22"/>
<PROPERTY NAME="UTOOLBARCAPTION" LANG="ENG" VALUE=""/>
<PROPERTY NAME="UTOOLBARCAPTION" LANG="FRA" VALUE=""/>
<PROPERTY NAME="UTOOLBARCAPTION" LANG="JPN" VALUE=""/>
<PROPERTY NAME="UTOOLBARGROUP" TYPE="N" VALUE="4"/>
<PROPERTY NAME="UUSEROBJECTTYPE" VALUE="*Application_About"/>
</MEMBER>
<MEMBER CLASS="VF_FP009" ID="COMMAND_32" RUN="N">
<PROPERTY NAME="UBITMAPNAME" VALUE="VF_BM368"/>
<PROPERTY NAME="UCAPTION" LANG="ENG" VALUE="Calendar"/>
<PROPERTY NAME="UCAPTION" LANG="FRA" VALUE="Calendrier"/>
<PROPERTY NAME="UCAPTION" LANG="JPN" VALUE="ｶﾚﾝﾀﾞｰ"/>
<PROPERTY NAME="UCAPTIONACCEL" LANG="FRA" VALUE="Calendrier"/>
<PROPERTY NAME="UCAPTIONACCEL" LANG="JPN" VALUE="ｶﾚﾝﾀﾞｰ"/>
<PROPERTY NAME="UHINT" LANG="ENG" VALUE="Calendar"/>
<PROPERTY NAME="UHINT" LANG="FRA" VALUE="Calendrier"/>
<PROPERTY NAME="UHINT" LANG="JPN" VALUE="ｶﾚﾝﾀﾞｰ"/>
<PROPERTY NAME="UICONNAME" VALUE="VF_IC368"/>
<PROPERTY NAME="UUSEROBJECTTYPE" VALUE="Calendar"/>
</MEMBER>
<MEMBER CLASS="VF_FP009" ID="COMMAND_33" RUN="N">
<PROPERTY NAME="IP_LAST" VALUE="20070628-110112-DCXUSER"/>
<PROPERTY NAME="UBITMAPNAME" VALUE="VF_BM367"/>
<PROPERTY NAME="UCAPTION" LANG="ENG" VALUE="Calculator"/>
<PROPERTY NAME="UCAPTION" LANG="FRA" VALUE="Calculer"/>
<PROPERTY NAME="UCAPTION" LANG="JPN" VALUE="電卓"/>
<PROPERTY NAME="UCAPTIONACCEL" LANG="FRA" VALUE="Calculer"/>
<PROPERTY NAME="UCAPTIONACCEL" LANG="JPN" VALUE="電卓"/>
<PROPERTY NAME="UCOMMANDGROUPID" VALUE="COMMANDREF_25"/>
<PROPERTY NAME="UHINT" LANG="ENG" VALUE="Calculate"/>
<PROPERTY NAME="UHINT" LANG="FRA" VALUE="Calculer"/>
<PROPERTY NAME="UHINT" LANG="JPN" VALUE="電卓"/>
<PROPERTY NAME="UICONNAME" VALUE="VF_IC367"/>
<PROPERTY NAME="USHOWONTOOLBAR" VALUE="FALSE"/>
<PROPERTY NAME="UTOOLBARBUTTONWIDTH" TYPE="N" VALUE="80"/>
<PROPERTY NAME="UTOOLBARCAPTION" LANG="ENG" VALUE="Calculator"/>
<PROPERTY NAME="UTOOLBARCAPTION" LANG="FRA" VALUE="Calculette"/>
<PROPERTY NAME="UTOOLBARCAPTION" LANG="JPN" VALUE="電卓"/>
<PROPERTY NAME="UTOOLBARGROUP" TYPE="N" VALUE="3"/>
<PROPERTY NAME="UUSEROBJECTTYPE" VALUE="CALCULATOR"/>
</MEMBER>
<MEMBER CLASS="VF_FP009" ID="COMMAND_35" RUN="N">
<PROPERTY NAME="UBITMAPNAME" VALUE="VF_BM373"/>
<PROPERTY NAME="UCAPTION" LANG="ENG" VALUE="Cancel"/>
<PROPERTY NAME="UCAPTION" LANG="FRA" VALUE="Annuler"/>
<PROPERTY NAME="UCAPTION" LANG="JPN" VALUE="ｷｬﾝｾﾙ"/>
<PROPERTY NAME="UCAPTIONACCEL" LANG="FRA" VALUE="Annuler"/>
<PROPERTY NAME="UCAPTIONACCEL" LANG="JPN" VALUE="ｷｬﾝｾﾙ"/>
<PROPERTY NAME="UICONNAME" VALUE="VF_IC373"/>
<PROPERTY NAME="UUSEROBJECTTYPE" VALUE="Cancel"/>
</MEMBER>
<MEMBER CLASS="VF_FP009" ID="COMMAND_46" RUN="N">
<PROPERTY NAME="UBITMAPNAME" VALUE="VF_BM373"/>
<PROPERTY NAME="UCAPTION" LANG="ENG" VALUE="Close"/>
<PROPERTY NAME="UCAPTION" LANG="FRA" VALUE="Fermer"/>
<PROPERTY NAME="UCAPTION" LANG="JPN" VALUE="閉じる"/>
<PROPERTY NAME="UCAPTIONACCEL" LANG="ENG" VALUE="&amp;Close"/>
<PROPERTY NAME="UCAPTIONACCEL" LANG="FRA" VALUE="&amp;Fermer"/>
<PROPERTY NAME="UCAPTIONACCEL" LANG="JPN" VALUE="閉じる(&amp;C)"/>
<PROPERTY NAME="UHINT" LANG="ENG" VALUE="Close"/>
<PROPERTY NAME="UHINT" LANG="FRA" VALUE="Fermer"/>
<PROPERTY NAME="UHINT" LANG="JPN" VALUE="閉じる"/>
<PROPERTY NAME="UICONNAME" VALUE="VF_IC373"/>
<PROPERTY NAME="UUSEROBJECTTYPE" VALUE="Close"/>
</MEMBER>
<MEMBER CLASS="VF_FP009" ID="COMMAND_48" RUN="N">
<PROPERTY NAME="UBITMAPNAME" VALUE="VF_BM440"/>
<PROPERTY NAME="UCAPTION" LANG="ENG" VALUE="Connect"/>
<PROPERTY NAME="UCAPTION" LANG="FRA" VALUE="Connecter"/>
<PROPERTY NAME="UCAPTION" LANG="JPN" VALUE="接続"/>
<PROPERTY NAME="UCAPTIONACCEL" LANG="FRA" VALUE="Connecter"/>
<PROPERTY NAME="UCAPTIONACCEL" LANG="JPN" VALUE="接続"/>
<PROPERTY NAME="UHINT" LANG="ENG" VALUE="Connect"/>
<PROPERTY NAME="UHINT" LANG="FRA" VALUE="Connecter"/>
<PROPERTY NAME="UHINT" LANG="JPN" VALUE="接続"/>
<PROPERTY NAME="UICONNAME" VALUE="VF_IC440"/>
<PROPERTY NAME="UUSEROBJECTTYPE" VALUE="Connect"/>
</MEMBER>
<MEMBER CLASS="VF_FP009" ID="COMMAND_52" RUN="N">
<PROPERTY NAME="IP_LAST" VALUE="20150520-162714-BAXTERB01"/>
<PROPERTY NAME="UAUTOCREATEINST" VALUE="TRUE"/>
<PROPERTY NAME="UBITMAPNAME" VALUE="VF_BM377"/>
<PROPERTY NAME="UCAPTION" LANG="ENG" VALUE="Copy"/>
<PROPERTY NAME="UCAPTION" LANG="FRA" VALUE="Copier"/>
<PROPERTY NAME="UCAPTION" LANG="JPN" VALUE="ｺﾋﾟｰ"/>
<PROPERTY NAME="UCAPTIONACCEL" LANG="ENG" VALUE="&amp;Copy"/>
<PROPERTY NAME="UCAPTIONACCEL" LANG="FRA" VALUE="Co&amp;pier"/>
<PROPERTY NAME="UCAPTIONACCEL" LANG="JPN" VALUE="ｺﾋﾟｰ(&amp;C)"/>
<PROPERTY NAME="UHINT" LANG="ENG" VALUE="Copy"/>
<PROPERTY NAME="UHINT" LANG="FRA" VALUE="Copier"/>
<PROPERTY NAME="UHINT" LANG="JPN" VALUE="ｺﾋﾟｰ"/>
<PROPERTY NAME="UICONNAME" VALUE="VF_IC377"/>
<PROPERTY NAME="UUSEROBJECTTYPE" VALUE="Copy"/>
</MEMBER>
<MEMBER CLASS="VF_FP009" ID="COMMAND_55" RUN="N">
<PROPERTY NAME="UBITMAPNAME" VALUE="VF_BM378"/>
<PROPERTY NAME="UCAPTION" LANG="ENG" VALUE="Cut"/>
<PROPERTY NAME="UCAPTION" LANG="FRA" VALUE="Couper"/>
<PROPERTY NAME="UCAPTION" LANG="JPN" VALUE="切り取り"/>
<PROPERTY NAME="UCAPTIONACCEL" LANG="ENG" VALUE="Cu&amp;t"/>
<PROPERTY NAME="UCAPTIONACCEL" LANG="FRA" VALUE="Cou&amp;per"/>
<PROPERTY NAME="UCAPTIONACCEL" LANG="JPN" VALUE="切り取り(&amp;T)"/>
<PROPERTY NAME="UHINT" LANG="ENG" VALUE="Cut"/>
<PROPERTY NAME="UHINT" LANG="FRA" VALUE="Couper"/>
<PROPERTY NAME="UHINT" LANG="JPN" VALUE="切り取り"/>
<PROPERTY NAME="UICONNAME" VALUE="VF_IC378"/>
<PROPERTY NAME="UUSEROBJECTTYPE" VALUE="Cut"/>
</MEMBER>
<MEMBER CLASS="VF_FP009" ID="COMMAND_57" RUN="N">
<PROPERTY NAME="UBITMAPNAME" VALUE="VF_BM386"/>
<PROPERTY NAME="UCAPTION" LANG="ENG" VALUE="Delete"/>
<PROPERTY NAME="UCAPTION" LANG="FRA" VALUE="Supprimer"/>
<PROPERTY NAME="UCAPTION" LANG="JPN" VALUE="削除"/>
<PROPERTY NAME="UCAPTIONACCEL" LANG="FRA" VALUE="Supprimer"/>
<PROPERTY NAME="UCAPTIONACCEL" LANG="JPN" VALUE="削除"/>
<PROPERTY NAME="UHINT" LANG="ENG" VALUE="Delete"/>
<PROPERTY NAME="UHINT" LANG="FRA" VALUE="Supprimer"/>
<PROPERTY NAME="UHINT" LANG="JPN" VALUE="削除"/>
<PROPERTY NAME="UICONNAME" VALUE="VF_IC386"/>
<PROPERTY NAME="UUSEROBJECTTYPE" VALUE="DELETE"/>
</MEMBER>
<MEMBER CLASS="VF_FP009" ID="COMMAND_60" RUN="N">
<PROPERTY NAME="IP_LAST" VALUE="20110308-133415-VLFPGMLIB"/>
<PROPERTY NAME="UAUTOCREATEDFLT" VALUE="TRUE"/>
<PROPERTY NAME="UAUTOCREATEINST" VALUE="TRUE"/>
<PROPERTY NAME="UBITMAPNAME" VALUE="VF_BM512"/>
<PROPERTY NAME="UCAPTION" LANG="ENG" VALUE="Details"/>
<PROPERTY NAME="UCAPTION" LANG="FRA" VALUE="Informations détaillées"/>
<PROPERTY NAME="UCAPTION" LANG="JPN" VALUE="詳細"/>
<PROPERTY NAME="UCAPTIONACCEL" LANG="ENG" VALUE="&amp;Details"/>
<PROPERTY NAME="UCAPTIONACCEL" LANG="FRA" VALUE="Informations &amp;détaillées"/>
<PROPERTY NAME="UCAPTIONACCEL" LANG="JPN" VALUE="詳細(&amp;D)"/>
<PROPERTY NAME="UCOMMANDGROUPID" VALUE="COMMANDREF_23"/>
<PROPERTY NAME="UHINT" LANG="ENG" VALUE="Details"/>
<PROPERTY NAME="UHINT" LANG="FRA" VALUE="Détails"/>
<PROPERTY NAME="UHINT" LANG="JPN" VALUE="詳細"/>
<PROPERTY NAME="UICONNAME" VALUE="VF_IC512"/>
<PROPERTY NAME="USEQUENCE" TYPE="N" VALUE="4"/>
<PROPERTY NAME="USHOWONTOOLBAR" VALUE="FALSE"/>
<PROPERTY NAME="UTOOLBARBUTTONWIDTH" TYPE="N" VALUE="30"/>
<PROPERTY NAME="UTOOLBARCAPTION" LANG="ENG" VALUE=""/>
<PROPERTY NAME="UTOOLBARCAPTION" LANG="FRA" VALUE=""/>
<PROPERTY NAME="UTOOLBARCAPTION" LANG="JPN" VALUE=""/>
<PROPERTY NAME="UTOOLBARGROUP" TYPE="N" VALUE="3"/>
<PROPERTY NAME="UUSEROBJECTTYPE" VALUE="Details"/>
</MEMBER>
<MEMBER CLASS="VF_FP009" ID="COMMAND_78" RUN="N">
<PROPERTY NAME="UBITMAPNAME" VALUE="VF_BM364"/>
<PROPERTY NAME="UCAPTION" LANG="ENG" VALUE="Help"/>
<PROPERTY NAME="UCAPTION" LANG="FRA" VALUE="Aide"/>
<PROPERTY NAME="UCAPTION" LANG="JPN" VALUE="ﾍﾙﾌﾟ"/>
<PROPERTY NAME="UCAPTIONACCEL" LANG="ENG" VALUE="&amp;Help"/>
<PROPERTY NAME="UCAPTIONACCEL" LANG="FRA" VALUE="&amp;Aide"/>
<PROPERTY NAME="UCAPTIONACCEL" LANG="JPN" VALUE="ﾍﾙﾌﾟ(&amp;H)"/>
<PROPERTY NAME="UHINT" LANG="ENG" VALUE="Help"/>
<PROPERTY NAME="UHINT" LANG="FRA" VALUE="Aide"/>
<PROPERTY NAME="UHINT" LANG="JPN" VALUE="ﾍﾙﾌﾟ"/>
<PROPERTY NAME="UICONNAME" VALUE="VF_IC364"/>
<PROPERTY NAME="USHOWONTOOLBAR" VALUE="TRUE"/>
<PROPERTY NAME="UTOOLBARCAPTION" LANG="FRA" VALUE="Aide"/>
<PROPERTY NAME="UUSEROBJECTTYPE" VALUE="Help"/>
</MEMBER>
<MEMBER CLASS="VF_FP009" ID="COMMAND_93" RUN="N">
<PROPERTY NAME="IP_LAST" VALUE="20110308-133951-VLFPGMLIB"/>
<PROPERTY NAME="UAUTOCREATEBOBJ" VALUE="TRUE"/>
<PROPERTY NAME="UAUTOCREATEINST" VALUE="FALSE"/>
<PROPERTY NAME="UBITMAPNAME" VALUE="VF_BM356"/>
<PROPERTY NAME="UCAPTION" LANG="ENG" VALUE="New"/>
<PROPERTY NAME="UCAPTION" LANG="FRA" VALUE="Nouveau"/>
<PROPERTY NAME="UCAPTION" LANG="JPN" VALUE="作成"/>
<PROPERTY NAME="UCAPTIONACCEL" LANG="ENG" VALUE="Ne&amp;w"/>
<PROPERTY NAME="UCAPTIONACCEL" LANG="FRA" VALUE="&amp;Nouveau"/>
<PROPERTY NAME="UCAPTIONACCEL" LANG="JPN" VALUE="作成(&amp;W)"/>
<PROPERTY NAME="UCOMMANDGROUPID" VALUE="COMMANDREF_13"/>
<PROPERTY NAME="UHINT" LANG="ENG" VALUE="New"/>
<PROPERTY NAME="UHINT" LANG="FRA" VALUE="Nouveau"/>
<PROPERTY NAME="UHINT" LANG="JPN" VALUE="作成"/>
<PROPERTY NAME="UICONNAME" VALUE="VF_IC356"/>
<PROPERTY NAME="USEQUENCE" TYPE="N" VALUE="1"/>
<PROPERTY NAME="USHORTCUT" VALUE="F6"/>
<PROPERTY NAME="USHOWONTOOLBAR" VALUE="TRUE"/>
<PROPERTY NAME="UTOOLBARBUTTONWIDTH" TYPE="N" VALUE="55"/>
<PROPERTY NAME="UTOOLBARCAPTION" LANG="ENG" VALUE="New"/>
<PROPERTY NAME="UTOOLBARCAPTION" LANG="FRA" VALUE="Nouveau"/>
<PROPERTY NAME="UTOOLBARCAPTION" LANG="JPN" VALUE="作成"/>
<PROPERTY NAME="UTOOLBARGROUP" TYPE="N" VALUE="1"/>
<PROPERTY NAME="UUSEROBJECTTYPE" VALUE="New"/>
</MEMBER>
<MEMBER CLASS="VF_FP009" ID="COMMAND_11">
<PROPERTY NAME="IP_LAST" VALUE="20110308-133542-VLFPGMLIB"/>
<PROPERTY NAME="UBITMAPNAME" VALUE="VF_BM540"/>
<PROPERTY NAME="UCAPTION" LANG="ENG" VALUE="About Framework"/>
<PROPERTY NAME="UCAPTION" LANG="FRA" VALUE="A propos de l'assistant"/>
<PROPERTY NAME="UCAPTION" LANG="JPN" VALUE="ﾌﾚｰﾑﾜｰｸについて"/>
<PROPERTY NAME="UCAPTIONACCEL" LANG="ENG" VALUE="About Framework"/>
<PROPERTY NAME="UCAPTIONACCEL" LANG="FRA" VALUE="A propos de l'assistant"/>
<PROPERTY NAME="UCAPTIONACCEL" LANG="JPN" VALUE="ﾌﾚｰﾑﾜｰｸについて"/>
<PROPERTY NAME="UCOMMANDGROUPID" VALUE="COMMANDREF_24"/>
<PROPERTY NAME="UHINT" LANG="ENG" VALUE="About Framework"/>
<PROPERTY NAME="UHINT" LANG="FRA" VALUE="A propos de l'assistant cadre d'applications"/>
<PROPERTY NAME="UHINT" LANG="JPN" VALUE="ﾌﾚｰﾑﾜｰｸについて"/>
<PROPERTY NAME="UICONNAME" VALUE="VF_IC540"/>
<PROPERTY NAME="USHOWONTOOLBAR" VALUE="TRUE"/>
<PROPERTY NAME="UTOOLBARBUTTONWIDTH" TYPE="N" VALUE="55"/>
<PROPERTY NAME="UTOOLBARCAPTION" LANG="ENG" VALUE="About"/>
<PROPERTY NAME="UTOOLBARGROUP" TYPE="N" VALUE="4"/>
<PROPERTY NAME="UUSEROBJECTTYPE" VALUE="*Framework_About"/>
</MEMBER>
<MEMBER CLASS="VF_FP009" ID="COMMAND_1">
<PROPERTY NAME="IP_LAST" VALUE="20110308-133902-VLFPGMLIB"/>
<PROPERTY NAME="UBITMAPNAME" VALUE="VF_BM373"/>
<PROPERTY NAME="UCAPTION" LANG="ENG" VALUE="Exit"/>
<PROPERTY NAME="UCAPTION" LANG="FRA" VALUE="Quitter"/>
<PROPERTY NAME="UCAPTION" LANG="JPN" VALUE="終了"/>
<PROPERTY NAME="UCAPTIONACCEL" LANG="ENG" VALUE="E&amp;xit"/>
<PROPERTY NAME="UCAPTIONACCEL" LANG="FRA" VALUE="&amp;Quitter"/>
<PROPERTY NAME="UCAPTIONACCEL" LANG="JPN" VALUE="終了(&amp;X)"/>
<PROPERTY NAME="UCOMMANDGROUPID" VALUE="COMMANDREF_13"/>
<PROPERTY NAME="UHINT" LANG="ENG" VALUE="Exit Framework"/>
<PROPERTY NAME="UHINT" LANG="FRA" VALUE="Quitter le cadre d'application"/>
<PROPERTY NAME="UICONNAME" VALUE="VF_IC373"/>
<PROPERTY NAME="USEQUENCE" TYPE="N" VALUE="2"/>
<PROPERTY NAME="USHOWONTOOLBAR" VALUE="TRUE"/>
<PROPERTY NAME="UTOOLBARBUTTONWIDTH" TYPE="N" VALUE="40"/>
<PROPERTY NAME="UTOOLBARCAPTION" LANG="ENG" VALUE="Exit"/>
<PROPERTY NAME="UTOOLBARCAPTION" LANG="FRA" VALUE="Quitter"/>
<PROPERTY NAME="UTOOLBARCAPTION" LANG="JPN" VALUE="終了"/>
<PROPERTY NAME="UTOOLBARGROUP" TYPE="N" VALUE="11"/>
<PROPERTY NAME="UUSEROBJECTTYPE" VALUE="*Exit"/>
</MEMBER>
<MEMBER CLASS="VF_FP009" ID="COMMAND_2" RUN="N">
<PROPERTY NAME="IP_LAST" VALUE="20110308-133511-VLFPGMLIB"/>
<PROPERTY NAME="UBITMAPNAME" VALUE="VF_BM504"/>
<PROPERTY NAME="UCAPTION" LANG="ENG" VALUE="Web Site"/>
<PROPERTY NAME="UCAPTION" LANG="FRA" VALUE="Site Web"/>
<PROPERTY NAME="UCAPTION" LANG="JPN" VALUE="ｳｪﾌﾞ ｻｲﾄ"/>
<PROPERTY NAME="UCAPTIONACCEL" LANG="ENG" VALUE="&amp;Web Site"/>
<PROPERTY NAME="UCAPTIONACCEL" LANG="FRA" VALUE="Site &amp;Web"/>
<PROPERTY NAME="UCAPTIONACCEL" LANG="JPN" VALUE="ｳｪﾌﾞ ｻｲﾄ(&amp;W)"/>
<PROPERTY NAME="UHINT" LANG="ENG" VALUE="Web Site"/>
<PROPERTY NAME="UHINT" LANG="FRA" VALUE="Site Web"/>
<PROPERTY NAME="UHINT" LANG="JPN" VALUE="ｳｪﾌﾞ ｻｲﾄ"/>
<PROPERTY NAME="UICONNAME" VALUE="VF_IC505"/>
<PROPERTY NAME="USHOWONTOOLBAR" VALUE="TRUE"/>
<PROPERTY NAME="UTOOLBARBUTTONWIDTH" TYPE="N" VALUE="55"/>
<PROPERTY NAME="UTOOLBARGROUP" TYPE="N" VALUE="4"/>
<PROPERTY NAME="UUSEROBJECTTYPE" VALUE="WEB_SITE"/>
</MEMBER>
<MEMBER CLASS="VF_FP009" ID="COMMAND_9" WEB="N">
<PROPERTY NAME="IP_LAST" VALUE="20110415-153728-PCXUSER"/>
<PROPERTY NAME="UALLOWWEB" VALUE="FALSE"/>
<PROPERTY NAME="UALLOWWIN" VALUE="TRUE"/>
<PROPERTY NAME="UBITMAPNAME" VALUE="VF_BM397"/>
<PROPERTY NAME="UCAPTION" LANG="ENG" VALUE="Spooled Files"/>
<PROPERTY NAME="UCAPTION" LANG="FRA" VALUE="Fichiers spoules"/>
<PROPERTY NAME="UCAPTION" LANG="JPN" VALUE="ｽﾌﾟｰﾙされたﾌｧｲﾙ"/>
<PROPERTY NAME="UCAPTIONACCEL" LANG="ENG" VALUE="Spooled Files"/>
<PROPERTY NAME="UCAPTIONACCEL" LANG="FRA" VALUE="Fichiers spoules"/>
<PROPERTY NAME="UCAPTIONACCEL" LANG="JPN" VALUE="ｽﾌﾟｰﾙされたﾌｧｲﾙ"/>
<PROPERTY NAME="UHINT" LANG="ENG" VALUE="Work with Spooled Files"/>
<PROPERTY NAME="UHINT" LANG="FRA" VALUE="Gérer les fichiers spoules"/>
<PROPERTY NAME="UHINT" LANG="JPN" VALUE="ｽﾌﾟｰﾙされたﾌｧｲﾙの処理"/>
<PROPERTY NAME="UICONNAME" VALUE="VF_IC397"/>
<PROPERTY NAME="USHOWONTOOLBAR" VALUE="TRUE"/>
<PROPERTY NAME="UTOOLBARBUTTONWIDTH" TYPE="N" VALUE="55"/>
<PROPERTY NAME="UTOOLBARCAPTION" LANG="ENG" VALUE="Spool Files"/>
<PROPERTY NAME="UTOOLBARCAPTION" LANG="FRA" VALUE="Spoules"/>
<PROPERTY NAME="UTOOLBARCAPTION" LANG="JPN" VALUE="ｽﾌﾟｰﾙ"/>
<PROPERTY NAME="UTOOLBARGROUP" TYPE="N" VALUE="7"/>
<PROPERTY NAME="UUSEROBJECTTYPE" VALUE="SPOOLFILES"/>
</MEMBER>
<MEMBER CLASS="VF_FP009" ID="COMMAND_10" RUN="N">
<PROPERTY NAME="IP_LAST" VALUE="20080702-160239-DCXUSER"/>
<PROPERTY NAME="UBITMAPNAME" VALUE="VF_BM386"/>
<PROPERTY NAME="UCAPTION" LANG="ENG" VALUE="Sign Off"/>
<PROPERTY NAME="UCAPTION" LANG="FRA" VALUE="Déconnecter"/>
<PROPERTY NAME="UCAPTION" LANG="JPN" VALUE="ｻｲﾝｵﾌ"/>
<PROPERTY NAME="UCAPTIONACCEL" LANG="ENG" VALUE="Sign Off"/>
<PROPERTY NAME="UCAPTIONACCEL" LANG="FRA" VALUE="Déconnecter"/>
<PROPERTY NAME="UCAPTIONACCEL" LANG="JPN" VALUE="ｻｲﾝｵﾌ"/>
<PROPERTY NAME="UICONNAME" VALUE="VF_IC386"/>
<PROPERTY NAME="USHOWONTOOLBAR" VALUE="FALSE"/>
<PROPERTY NAME="UTOOLBARBUTTONWIDTH" TYPE="N" VALUE="80"/>
<PROPERTY NAME="UTOOLBARCAPTION" LANG="ENG" VALUE="Sign Off"/>
<PROPERTY NAME="UTOOLBARCAPTION" LANG="FRA" VALUE="Déconnecter"/>
<PROPERTY NAME="UTOOLBARCAPTION" LANG="JPN" VALUE="ｻｲﾝｵﾌ"/>
<PROPERTY NAME="UUSEROBJECTTYPE" VALUE="*EXIT"/>
</MEMBER>
<MEMBER CLASS="VF_FP009" ID="3C729CC764CC4B5EB43400A3BCB8965D">
<PROPERTY NAME="IP_LAST" VALUE="20081020-132221-VLFPGMLIB"/>
<PROPERTY NAME="UBITMAPNAME" VALUE="VF_BM408"/>
<PROPERTY NAME="UCAPTION" LANG="ENG" VALUE="Command Pane"/>
<PROPERTY NAME="UCAPTION" LANG="FRA" VALUE="Panneau de commande"/>
<PROPERTY NAME="UCAPTIONACCEL" LANG="ENG" VALUE="&amp;Command Pane"/>
<PROPERTY NAME="UCAPTIONACCEL" LANG="FRA" VALUE="Panneau de &amp;commande"/>
<PROPERTY NAME="UCOMMANDGROUPID" VALUE="COMMANDREF_14"/>
<PROPERTY NAME="UHINT" LANG="ENG" VALUE="Switch focus to the command pane in the current window"/>
<PROPERTY NAME="UHINT" LANG="FRA" VALUE="Passer le focus au panneau de commande dans la fenêtre en cours"/>
<PROPERTY NAME="UICONNAME" VALUE="VF_IC408"/>
</MEMBER>
<MEMBER CLASS="VF_FP009" ID="29152CF8DF514C2091A54F51E4EAA749">
<PROPERTY NAME="IP_LAST" VALUE="20081020-132435-VLFPGMLIB"/>
<PROPERTY NAME="UBITMAPNAME" VALUE="VF_BM408"/>
<PROPERTY NAME="UCAPTION" LANG="ENG" VALUE="Filter Pane"/>
<PROPERTY NAME="UCAPTION" LANG="FRA" VALUE="Panneau de recherche"/>
<PROPERTY NAME="UCAPTIONACCEL" LANG="ENG" VALUE="&amp;Filter Pane"/>
<PROPERTY NAME="UCAPTIONACCEL" LANG="FRA" VALUE="Panneau de &amp;recherche"/>
<PROPERTY NAME="UCOMMANDGROUPID" VALUE="COMMANDREF_14"/>
<PROPERTY NAME="UHINT" LANG="ENG" VALUE="Switch focus to the filter pane in the current window"/>
<PROPERTY NAME="UHINT" LANG="FRA" VALUE="Passer le focus au panneau de recherche dans la fenêtre en cours"/>
<PROPERTY NAME="UICONNAME" VALUE="VF_IC408"/>
</MEMBER>
<MEMBER CLASS="VF_FP009" ID="C5A3D69743414DA3B4AF0025ECD17F47">
<PROPERTY NAME="IP_LAST" VALUE="20081020-132315-VLFPGMLIB"/>
<PROPERTY NAME="UBITMAPNAME" VALUE="VF_BM468"/>
<PROPERTY NAME="UCAPTION" LANG="ENG" VALUE="List Pane"/>
<PROPERTY NAME="UCAPTION" LANG="FRA" VALUE="Panneau de liste"/>
<PROPERTY NAME="UCAPTIONACCEL" LANG="ENG" VALUE="&amp;List Pane"/>
<PROPERTY NAME="UCAPTIONACCEL" LANG="FRA" VALUE="Panneau de &amp;liste"/>
<PROPERTY NAME="UCOMMANDGROUPID" VALUE="COMMANDREF_14"/>
<PROPERTY NAME="UHINT" LANG="ENG" VALUE="Switch focus to the list pane in the current window"/>
<PROPERTY NAME="UHINT" LANG="FRA" VALUE="Passer le focus au panneau de liste dans la fenêtre en cours"/>
<PROPERTY NAME="UICONNAME" VALUE="VF_IC468"/>
</MEMBER>
<MEMBER CLASS="VF_FP009" ID="3FB4DEB26004490A9E7BE25F86B9A99B">
<PROPERTY NAME="IP_LAST" VALUE="20081020-132418-VLFPGMLIB"/>
<PROPERTY NAME="UBITMAPNAME" VALUE="VF_BM405"/>
<PROPERTY NAME="UCAPTION" LANG="ENG" VALUE="Navigation Pane"/>
<PROPERTY NAME="UCAPTION" LANG="FRA" VALUE="Panneau de navigation"/>
<PROPERTY NAME="UCAPTION" LANG="JPN" VALUE="ﾅﾋﾞｹﾞｰｼｮﾝ ﾍﾟｲﾝ"/>
<PROPERTY NAME="UCAPTIONACCEL" LANG="ENG" VALUE="&amp;Navigation Pane"/>
<PROPERTY NAME="UCAPTIONACCEL" LANG="FRA" VALUE="Panneau de &amp;navigation"/>
<PROPERTY NAME="UCAPTIONACCEL" LANG="JPN" VALUE="&amp;ﾅﾋﾞｹﾞｰｼｮﾝ ﾍﾟｲﾝ"/>
<PROPERTY NAME="UCOMMANDGROUPID" VALUE="COMMANDREF_14"/>
<PROPERTY NAME="UHINT" LANG="ENG" VALUE="Switch focus to the navigation pane in the current window"/>
<PROPERTY NAME="UHINT" LANG="FRA" VALUE="Passer le focus au panneau de navigation dans la fenêtre en cours"/>
<PROPERTY NAME="UHINT" LANG="JPN" VALUE="現在のｳｨﾝﾄﾞｳのﾅﾋﾞｹﾞｰｼｮﾝ ﾍﾟｲﾝにﾌｫｰｶｽを切り替える"/>
<PROPERTY NAME="UICONNAME" VALUE="VF_IC405"/>
</MEMBER>
<MEMBER CLASS="VF_FP009" ID="98FE90CA145D4742AD37BC4A6BFD7C23">
<PROPERTY NAME="IP_LAST" VALUE="20090209-141632-VLFPGMLIB"/>
<PROPERTY NAME="UALLOWWEB" VALUE="TRUE"/>
<PROPERTY NAME="UBITMAPNAME" VALUE="VF_BM394"/>
<PROPERTY NAME="UCAPTION" LANG="ENG" VALUE="Tracing On"/>
<PROPERTY NAME="UCAPTION" LANG="FRA" VALUE="Trace active"/>
<PROPERTY NAME="UCAPTION" LANG="JPN" VALUE="ﾄﾗｯｷﾝｸﾞ ｵﾝ"/>
<PROPERTY NAME="UCOMMANDGROUPID" VALUE="COMMANDREF_13"/>
<PROPERTY NAME="UICONNAME" VALUE="VF_IC394"/>
<PROPERTY NAME="USEQUENCE" TYPE="N" VALUE="3"/>
</MEMBER>
<MEMBER CLASS="VF_FP009" ID="5EFE91CCC9984E3FA734F49AF479502B">
<PROPERTY NAME="IP_LAST" VALUE="20090209-141640-VLFPGMLIB"/>
<PROPERTY NAME="UBITMAPNAME" VALUE="VF_BM401"/>
<PROPERTY NAME="UCAPTION" LANG="ENG" VALUE="Tracing Off"/>
<PROPERTY NAME="UCAPTION" LANG="FRA" VALUE="Trace inactive"/>
<PROPERTY NAME="UCAPTION" LANG="JPN" VALUE="ﾄﾗｯｷﾝｸﾞ ｵﾌ"/>
<PROPERTY NAME="UCOMMANDGROUPID" VALUE="COMMANDREF_13"/>
<PROPERTY NAME="UICONNAME" VALUE="VF_IC401"/>
<PROPERTY NAME="USEQUENCE" TYPE="N" VALUE="4"/>
</MEMBER>
<MEMBER CLASS="VF_FP009" ID="3CBD7110AA604EB69E7818D8738E5ED2">
<PROPERTY NAME="IP_LAST" VALUE="20110415-154229-PCXUSER"/>
<PROPERTY NAME="UBITMAPNAME" VALUE="VF_BM383"/>
<PROPERTY NAME="UCAPTION" LANG="ENG" VALUE="Open in New Window"/>
<PROPERTY NAME="UCAPTION" LANG="FRA" VALUE="Ouvrir dans une nouvelle fenêtre"/>
<PROPERTY NAME="UCAPTION" LANG="JPN" VALUE="新しいｳｨﾝﾄﾞｳで開く"/>
<PROPERTY NAME="UCOMMANDGROUPID" VALUE=""/>
<PROPERTY NAME="UHINT" LANG="ENG" VALUE="Opens the current business object in a new window"/>
<PROPERTY NAME="UHINT" LANG="FRA" VALUE="Ouvre l'objet métier en cours dans une nouvelle fenêtre"/>
<PROPERTY NAME="UHINT" LANG="JPN" VALUE="現在のﾋﾞｼﾞﾈｽｵﾌﾞｼﾞｪｸﾄを新しいｳｨﾝﾄﾞｳで開く"/>
<PROPERTY NAME="UICONNAME" VALUE="VF_IC383"/>
<PROPERTY NAME="USHOWONTOOLBAR" VALUE="TRUE"/>
<PROPERTY NAME="UTOOLBARBUTTONWIDTH" TYPE="N" VALUE="79"/>
<PROPERTY NAME="UTOOLBARCAPTION" LANG="ENG" VALUE="New Window"/>
<PROPERTY NAME="UTOOLBARCAPTION" LANG="FRA" VALUE="Nouvelle fenêtre"/>
<PROPERTY NAME="UTOOLBARCAPTION" LANG="JPN" VALUE="新ｳｨﾝﾄﾞｳ"/>
<PROPERTY NAME="UTOOLBARGROUP" TYPE="N" VALUE="8"/>
<PROPERTY NAME="UUSEROBJECTTYPE" VALUE="OPEN_NEW_WINDOW"/>
</MEMBER>
<MEMBER CLASS="VF_FP009" ID="7F09F281F517452F886B3B7F42F998C1">
<PROPERTY NAME="IP_LAST" VALUE="20110415-154714-PCXUSER"/>
<PROPERTY NAME="UALLOWWEB" VALUE="TRUE"/>
<PROPERTY NAME="UBITMAPNAME" VALUE="VF_BM461"/>
<PROPERTY NAME="UCAPTION" LANG="ENG" VALUE="Print Screen"/>
<PROPERTY NAME="UCAPTION" LANG="FRA" VALUE="Impression écran"/>
<PROPERTY NAME="UCAPTION" LANG="JPN" VALUE="画面印刷"/>
<PROPERTY NAME="UHINT" LANG="ENG" VALUE="Prints the current VLF window"/>
<PROPERTY NAME="UHINT" LANG="FRA" VALUE="Imprime la fenêtre VLF en cours"/>
<PROPERTY NAME="UHINT" LANG="JPN" VALUE="現在のVLFｳｨﾝﾄﾞｳを印刷"/>
<PROPERTY NAME="UICONNAME" VALUE="VF_IC461"/>
<PROPERTY NAME="USHOWONTOOLBAR" VALUE="TRUE"/>
<PROPERTY NAME="USHOWWHENDISABLED" VALUE="FALSE"/>
<PROPERTY NAME="UTOOLBARBUTTONWIDTH" TYPE="N" VALUE="55"/>
<PROPERTY NAME="UTOOLBARCAPTION" LANG="ENG" VALUE="Print"/>
<PROPERTY NAME="UTOOLBARCAPTION" LANG="FRA" VALUE="Impression écran"/>
<PROPERTY NAME="UTOOLBARCAPTION" LANG="JPN" VALUE="印刷"/>
<PROPERTY NAME="UTOOLBARGROUP" TYPE="N" VALUE="10"/>
<PROPERTY NAME="UUSEROBJECTTYPE" VALUE="PRINT_SCREEN"/>
</MEMBER>
<MEMBER CLASS="VF_FP009" ID="8C234876220D47C08E1A5FC42FD52BC9">
<PROPERTY NAME="IP_LAST" VALUE="20110415-155103-PCXUSER"/>
<PROPERTY NAME="UBITMAPNAME" VALUE="VF_BM503"/>
<PROPERTY NAME="UCAPTION" LANG="ENG" VALUE="IBM i Queues"/>
<PROPERTY NAME="UCAPTION" LANG="FRA" VALUE="Messages IBM i"/>
<PROPERTY NAME="UCAPTION" LANG="JPN" VALUE="IBM i ｷｭｰ"/>
<PROPERTY NAME="UHINT" LANG="ENG" VALUE="Shows messages from the IBM i message queues"/>
<PROPERTY NAME="UHINT" LANG="FRA" VALUE="Affiche les messages des files d'attente de messages IBM i"/>
<PROPERTY NAME="UHINT" LANG="JPN" VALUE="IBM i ﾒｯｾｰｼﾞｷｭｰからのﾒｯｾｰｼﾞを表示"/>
<PROPERTY NAME="UICONNAME" VALUE="VF_IC503"/>
<PROPERTY NAME="USHOWONTOOLBAR" VALUE="TRUE"/>
<PROPERTY NAME="USHOWWHENDISABLED" VALUE="FALSE"/>
<PROPERTY NAME="UTOOLBARBUTTONWIDTH" TYPE="N" VALUE="55"/>
<PROPERTY NAME="UTOOLBARCAPTION" LANG="ENG" VALUE="Queues"/>
<PROPERTY NAME="UTOOLBARCAPTION" LANG="FRA" VALUE="Queues"/>
<PROPERTY NAME="UTOOLBARCAPTION" LANG="JPN" VALUE="ｷｭｰ"/>
<PROPERTY NAME="UTOOLBARGROUP" TYPE="N" VALUE="9"/>
<PROPERTY NAME="UUSEROBJECTTYPE" VALUE="IBM_MESSAGES"/>
</MEMBER>
<MEMBER CLASS="VF_FP009" ID="17A83498B71444DA95BDFEE582B34F51">
<PROPERTY NAME="IP_LAST" VALUE="20150326-142558-BAXTERB01"/>
<PROPERTY NAME="UCAPTION" LANG="ENG" VALUE="Phones"/>
<PROPERTY NAME="UICONNAME" VALUE="VF_IC547"/>
<PROPERTY NAME="UUSEROBJECTTYPE" VALUE="PHONES"/>
</MEMBER>
<MEMBER CLASS="VF_FP009" ID="38EBB62CAEAF4CC0AC75D29B77BC9A77">
<PROPERTY NAME="IP_LAST" VALUE="20150330-125848-BAXTERB01"/>
<PROPERTY NAME="UCAPTION" LANG="ENG" VALUE="Emails"/>
<PROPERTY NAME="UICONNAME" VALUE="VF_IC068"/>
</MEMBER>
<MEMBER CLASS="VF_FP009" ID="41C0A7E3B5DF4919879F4776D16C787A">
<PROPERTY NAME="IP_LAST" VALUE="20150330-131042-BAXTERB01"/>
<PROPERTY NAME="UCAPTION" LANG="ENG" VALUE="AR"/>
<PROPERTY NAME="UICONNAME" VALUE="VF_IC596"/>
</MEMBER>
<MEMBER CLASS="VF_FP009" ID="01DDF060A5204B4A809AC716445F55A9">
<PROPERTY NAME="IP_LAST" VALUE="20150330-132401-BAXTERB01"/>
<PROPERTY NAME="UCAPTION" LANG="ENG" VALUE="History"/>
<PROPERTY NAME="UICONNAME" VALUE="VF_IC377"/>
</MEMBER>
<MEMBER CLASS="VF_FP009" ID="BED3278DDE73442A8D5D4569897AC984">
<PROPERTY NAME="IP_LAST" VALUE="20150330-132301-BAXTERB01"/>
<PROPERTY NAME="UCAPTION" LANG="ENG" VALUE="Collections"/>
<PROPERTY NAME="UICONNAME" VALUE="VF_IC126"/>
</MEMBER>
<MEMBER CLASS="VF_FP009" ID="4EA3F50906E94F6EBD8FFBE10FB6EC25">
<PROPERTY NAME="IP_LAST" VALUE="20150521-153806-BAXTERB01"/>
<PROPERTY NAME="UCAPTION" LANG="ENG" VALUE="Open CFRs"/>
<PROPERTY NAME="UICONNAME" VALUE="VF_IC065"/>
<PROPERTY NAME="UUSEROBJECTTYPE" VALUE="OPEN_CFRS"/>
</MEMBER>
<MEMBER CLASS="VF_FP009" ID="F67B67A633C44814BBC32F411AD92E52">
<PROPERTY NAME="IP_LAST" VALUE="20150330-132605-BAXTERB01"/>
<PROPERTY NAME="UBITMAPNAME" VALUE="VF_BM512"/>
<PROPERTY NAME="UCAPTION" LANG="ENG" VALUE="Notes"/>
<PROPERTY NAME="UICONNAME" VALUE="VF_IC453"/>
</MEMBER>
<MEMBER CLASS="VF_FP009" ID="BAA247DEF5CB4E22A8F74C99E871A811">
<PROPERTY NAME="IP_LAST" VALUE="20150521-152114-BAXTERB01"/>
<PROPERTY NAME="UCAPTION" LANG="ENG" VALUE="Contact Info"/>
<PROPERTY NAME="UCAPTIONACCEL" LANG="ENG" VALUE="Contact Info"/>
<PROPERTY NAME="UHINT" LANG="ENG" VALUE="Contact Information"/>
<PROPERTY NAME="UICONNAME" VALUE="VF_IC069"/>
<PROPERTY NAME="UUSEROBJECTTYPE" VALUE="CONTACT_INFO"/>
</MEMBER>
<MEMBER CLASS="VF_FP009" ID="6899D674723245459909D7E49765FC9B">
<PROPERTY NAME="IP_LAST" VALUE="20150521-152444-BAXTERB01"/>
<PROPERTY NAME="UCAPTION" LANG="ENG" VALUE="Bill Payment"/>
<PROPERTY NAME="UHINT" LANG="ENG" VALUE="Bill Payment"/>
<PROPERTY NAME="UICONNAME" VALUE="VF_IC534"/>
<PROPERTY NAME="UUSEROBJECTTYPE" VALUE="BILL_PAYMENT"/>
</MEMBER>
<MEMBER CLASS="VF_FP009" ID="B10AF5E01BCB42518F78118C41B16F7C">
<PROPERTY NAME="IP_LAST" VALUE="20150521-152708-BAXTERB01"/>
<PROPERTY NAME="UCAPTION" LANG="ENG" VALUE="Cancel/Save"/>
<PROPERTY NAME="UICONNAME" VALUE="VF_IC469"/>
<PROPERTY NAME="UUSEROBJECTTYPE" VALUE="CANCEL_SAVE"/>
</MEMBER>
<MEMBER CLASS="VF_FP009" ID="3780289DD38744B09C9030B308DF37CE">
<PROPERTY NAME="IP_LAST" VALUE="20150521-153904-BAXTERB01"/>
<PROPERTY NAME="UCAPTION" LANG="ENG" VALUE="Prepay Offers"/>
<PROPERTY NAME="UICONNAME" VALUE="VF_IC078"/>
<PROPERTY NAME="UUSEROBJECTTYPE" VALUE="PREPAY_OFFERS"/>
</MEMBER>
<MEMBER CLASS="VF_FP009" ID="4AA41939AF5C4E1DA659E06253AE03AC">
<PROPERTY NAME="IP_LAST" VALUE="20150521-153950-BAXTERB01"/>
<PROPERTY NAME="UCAPTION" LANG="ENG" VALUE="Reservice"/>
<PROPERTY NAME="UICONNAME" VALUE="VF_IC390"/>
<PROPERTY NAME="UUSEROBJECTTYPE" VALUE="RESERVICE"/>
</MEMBER>
<MEMBER CLASS="VF_FP009" ID="B9C555ECA9D5458C9D0B4CE6594098A5">
<PROPERTY NAME="IP_LAST" VALUE="20150716-085942-BAXTERB01"/>
<PROPERTY NAME="UBITMAPNAME" VALUE="VF_BM365"/>
<PROPERTY NAME="UCAPTION" LANG="ENG" VALUE="Activities"/>
<PROPERTY NAME="UICONNAME" VALUE="VF_IC365"/>
<PROPERTY NAME="UUSEROBJECTTYPE" VALUE="ACTIVITIES"/>
</MEMBER>
<MEMBER CLASS="VF_FP009" ID="F182E85BA8134B5A8108155086A65342">
<PROPERTY NAME="IP_LAST" VALUE="20150716-090731-BAXTERB01"/>
<PROPERTY NAME="UBITMAPNAME" VALUE="VF_BM124"/>
<PROPERTY NAME="UCAPTION" LANG="ENG" VALUE="Charge Accounts"/>
<PROPERTY NAME="UICONNAME" VALUE="VF_IC111"/>
<PROPERTY NAME="UUSEROBJECTTYPE" VALUE="CHARGEACCOUNTS"/>
</MEMBER>
<MEMBER CLASS="VF_FP009" ID="051F0FB6ED334B63801B536BB31E34E7">
<PROPERTY NAME="IP_LAST" VALUE="20150716-092319-BAXTERB01"/>
<PROPERTY NAME="UBITMAPNAME" VALUE="VF_BM116"/>
<PROPERTY NAME="UCAPTION" LANG="ENG" VALUE="Customer View"/>
<PROPERTY NAME="UICONNAME" VALUE="VF_IC103"/>
<PROPERTY NAME="UUSEROBJECTTYPE" VALUE="CUSTOMERVIEW"/>
</MEMBER>
<MEMBER CLASS="VF_FP009" ID="D52F170E28C442F58656DE69A6CBA40E">
<PROPERTY NAME="IP_LAST" VALUE="20150720-081524-BAXTERB01"/>
<PROPERTY NAME="UBITMAPNAME" VALUE="VF_BM128"/>
<PROPERTY NAME="UCAPTION" LANG="ENG" VALUE="Sales Agreements"/>
<PROPERTY NAME="UICONNAME" VALUE="VF_IC115"/>
</MEMBER>
<MEMBER CLASS="VF_FP009" ID="F2F559AF37C2436490A20C7C18A3CF3D">
<PROPERTY NAME="IP_LAST" VALUE="20150727-133227-BAXTERB01"/>
<PROPERTY NAME="UBITMAPNAME" VALUE="VF_BM010"/>
<PROPERTY NAME="UCAPTION" LANG="ENG" VALUE="Leads"/>
<PROPERTY NAME="UICONNAME" VALUE="VF_IC034"/>
<PROPERTY NAME="UUSEROBJECTTYPE" VALUE="LEADS"/>
</MEMBER>
<MEMBER CLASS="VF_FP009" ID="95CFD6372B7C46AEAE6A0220CCEE5CBB">
<PROPERTY NAME="IP_LAST" VALUE="20150727-133503-BAXTERB01"/>
<PROPERTY NAME="UBITMAPNAME" VALUE="VF_BM122"/>
<PROPERTY NAME="UCAPTION" LANG="ENG" VALUE="Locations"/>
<PROPERTY NAME="UICONNAME" VALUE="VF_IC033"/>
<PROPERTY NAME="UUSEROBJECTTYPE" VALUE="LOCATIONS"/>
</MEMBER>
<MEMBER CLASS="VF_FP010" ID="COMMANDREF_17" >
<PROPERTY NAME="IP_LAST" VALUE="20151019-123326-QOTHPRDOWN"/>
<PROPERTY NAME="UCAPTION" LANG="ENG" VALUE="Command Reference 17"/>
<PROPERTY NAME="UCAPTION" LANG="FRA" VALUE="Référence commande 17"/>
<PROPERTY NAME="UCAPTION" LANG="JPN" VALUE="Command Reference 17"/>
<PROPERTY NAME="UCHERRYREFERENCE" VALUE=""/>
<PROPERTY NAME="UCOMMANDID" VALUE="COMMAND_11"/>
<PROPERTY NAME="USEQUENCE" TYPE="N" VALUE="80"/>
<PROPERTY NAME="UWAM" VALUE="TRUE"/>
</MEMBER>
<MEMBER CLASS="VF_FP010" ID="COMMANDREF_6" >
<PROPERTY NAME="IP_LAST" VALUE="20151019-123537-QOTHPRDOWN"/>
<PROPERTY NAME="UCAPTION" LANG="ENG" VALUE="Command Reference 6"/>
<PROPERTY NAME="UCAPTION" LANG="FRA" VALUE="Référence commande 6"/>
<PROPERTY NAME="UCAPTION" LANG="JPN" VALUE="Command Reference 6"/>
<PROPERTY NAME="UCHERRYREFERENCE" VALUE=""/>
<PROPERTY NAME="UCOMMANDID" VALUE="COMMAND_1"/>
<PROPERTY NAME="USEQUENCE" TYPE="N" VALUE="80"/>
<PROPERTY NAME="UWAM" VALUE="TRUE"/>
</MEMBER>
<MEMBER CLASS="VF_FP010" ID="3EB6AE5FF1C14A10B8AC3CE76DE0816F" WEB="N" >
<PROPERTY NAME="IP_LAST" VALUE="20151019-123337-QOTHPRDOWN"/>
<PROPERTY NAME="UALLOWWEB" VALUE="FALSE"/>
<PROPERTY NAME="UCAPTION" LANG="ENG" VALUE="New Command Reference"/>
<PROPERTY NAME="UCAPTION" LANG="FRA" VALUE="Nouvelle référence commande"/>
<PROPERTY NAME="UCAPTION" LANG="JPN" VALUE="新しいｺﾏﾝﾄﾞﾘﾌｧﾚﾝｽ"/>
<PROPERTY NAME="UCHERRYREFERENCE" VALUE=""/>
<PROPERTY NAME="UCOMMANDAARG1" VALUE="COMMAND_HANDLER"/>
<PROPERTY NAME="UCOMMANDID" VALUE="3C729CC764CC4B5EB43400A3BCB8965D"/>
<PROPERTY NAME="UHANDLERNAME" VALUE="DF_DET45"/>
<PROPERTY NAME="UHIDDENCOMMAND" VALUE="TRUE"/>
<PROPERTY NAME="USEQUENCE" TYPE="N" VALUE="79"/>
<PROPERTY NAME="USHOWINPOPUP" VALUE="FALSE"/>
<PROPERTY NAME="UWAM" VALUE="TRUE"/>
<PROPERTY NAME="UWAMCOMPONENT" VALUE="VFU0551"/>
<PROPERTY NAME="UWEBHANDLERFUNCTION" VALUE="VFU0351"/>
<PROPERTY NAME="UWEBHANDLERPROCESS" VALUE="VF_PR003"/>
</MEMBER>
<MEMBER CLASS="VF_FP010" ID="536BBDAC37464F05A2A7C5563BFC1890" WEB="N" >
<PROPERTY NAME="IP_LAST" VALUE="20081020-132049-VLFPGMLIB"/>
<PROPERTY NAME="UALLOWWEB" VALUE="FALSE"/>
<PROPERTY NAME="UCAPTION" LANG="ENG" VALUE="New Command Reference"/>
<PROPERTY NAME="UCAPTION" LANG="FRA" VALUE="Nouvelle référence commande"/>
<PROPERTY NAME="UCAPTION" LANG="JPN" VALUE="新しいｺﾏﾝﾄﾞﾘﾌｧﾚﾝｽ"/>
<PROPERTY NAME="UCHERRYREFERENCE" VALUE=""/>
<PROPERTY NAME="UCOMMANDAARG1" VALUE="FILTER"/>
<PROPERTY NAME="UCOMMANDID" VALUE="29152CF8DF514C2091A54F51E4EAA749"/>
<PROPERTY NAME="UHANDLERNAME" VALUE="DF_DET45"/>
<PROPERTY NAME="UHIDDENCOMMAND" VALUE="TRUE"/>
<PROPERTY NAME="USHOWINPOPUP" VALUE="FALSE"/>
<PROPERTY NAME="UWAM" VALUE="TRUE"/>
<PROPERTY NAME="UWAMCOMPONENT" VALUE="VFU0551"/>
<PROPERTY NAME="UWEBHANDLERFUNCTION" VALUE="VFU0351"/>
<PROPERTY NAME="UWEBHANDLERPROCESS" VALUE="VF_PR003"/>
</MEMBER>
<MEMBER CLASS="VF_FP010" ID="8FB72F8A1D1B4039A2646D8DF3CF2791" WEB="N" >
<PROPERTY NAME="IP_LAST" VALUE="20081020-132049-VLFPGMLIB"/>
<PROPERTY NAME="UALLOWWEB" VALUE="FALSE"/>
<PROPERTY NAME="UCAPTION" LANG="ENG" VALUE="New Command Reference"/>
<PROPERTY NAME="UCAPTION" LANG="FRA" VALUE="Nouvelle référence commande"/>
<PROPERTY NAME="UCAPTION" LANG="JPN" VALUE="新しいｺﾏﾝﾄﾞﾘﾌｧﾚﾝｽ"/>
<PROPERTY NAME="UCHERRYREFERENCE" VALUE=""/>
<PROPERTY NAME="UCOMMANDAARG1" VALUE="INSTANCE_LIST"/>
<PROPERTY NAME="UCOMMANDID" VALUE="C5A3D69743414DA3B4AF0025ECD17F47"/>
<PROPERTY NAME="UHANDLERNAME" VALUE="DF_DET45"/>
<PROPERTY NAME="UHIDDENCOMMAND" VALUE="TRUE"/>
<PROPERTY NAME="USHOWINPOPUP" VALUE="FALSE"/>
<PROPERTY NAME="UWAM" VALUE="TRUE"/>
<PROPERTY NAME="UWAMCOMPONENT" VALUE="VFU0551"/>
<PROPERTY NAME="UWEBHANDLERFUNCTION" VALUE="VFU0351"/>
<PROPERTY NAME="UWEBHANDLERPROCESS" VALUE="VF_PR003"/>
</MEMBER>
<MEMBER CLASS="VF_FP010" ID="53A42989A57540F986B480412B03A75C" WEB="N" >
<PROPERTY NAME="IP_LAST" VALUE="20081020-132714-VLFPGMLIB"/>
<PROPERTY NAME="UALLOWWEB" VALUE="FALSE"/>
<PROPERTY NAME="UCAPTION" LANG="ENG" VALUE="New Command Reference"/>
<PROPERTY NAME="UCAPTION" LANG="FRA" VALUE="Nouvelle référence commande"/>
<PROPERTY NAME="UCAPTION" LANG="JPN" VALUE="新しいｺﾏﾝﾄﾞﾘﾌｧﾚﾝｽ"/>
<PROPERTY NAME="UCHERRYREFERENCE" VALUE=""/>
<PROPERTY NAME="UCOMMANDAARG1" VALUE="NAVIGATE_PANE"/>
<PROPERTY NAME="UCOMMANDID" VALUE="3FB4DEB26004490A9E7BE25F86B9A99B"/>
<PROPERTY NAME="UHANDLERNAME" VALUE="DF_DET45"/>
<PROPERTY NAME="UHIDDENCOMMAND" VALUE="TRUE"/>
<PROPERTY NAME="USHOWINPOPUP" VALUE="FALSE"/>
<PROPERTY NAME="UWAM" VALUE="TRUE"/>
<PROPERTY NAME="UWAMCOMPONENT" VALUE="VFU0551"/>
<PROPERTY NAME="UWEBHANDLERFUNCTION" VALUE="VFU0351"/>
<PROPERTY NAME="UWEBHANDLERPROCESS" VALUE="VF_PR003"/>
</MEMBER>
<MEMBER CLASS="VF_FP010" ID="CE160E6ED3E0492D9E57A80DBD5D49BE" WEB="N" >
<PROPERTY NAME="IP_LAST" VALUE="20110208-161412-VLFPGMLIB"/>
<PROPERTY NAME="UALLOWWEB" VALUE="FALSE"/>
<PROPERTY NAME="UBYPASSLOCKS" VALUE="TRUE"/>
<PROPERTY NAME="UCAPTION" LANG="ENG" VALUE="New Command Reference"/>
<PROPERTY NAME="UCAPTION" LANG="FRA" VALUE="Nouvelle référence commande"/>
<PROPERTY NAME="UCAPTION" LANG="JPN" VALUE="新しいｺﾏﾝﾄﾞﾘﾌｧﾚﾝｽ"/>
<PROPERTY NAME="UCHERRYREFERENCE" VALUE=""/>
<PROPERTY NAME="UCOMMANDID" VALUE="COMMAND_9"/>
<PROPERTY NAME="UHANDLERNAME" VALUE="DF_T3101"/>
<PROPERTY NAME="UHIDEOTHERS" VALUE="TRUE"/>
<PROPERTY NAME="USTAYACTIVE" VALUE="TRUE"/>
<PROPERTY NAME="UWAM" VALUE="TRUE"/>
<PROPERTY NAME="UWAMCOMPONENT" VALUE="VFU0551"/>
<PROPERTY NAME="UWEBHANDLERFUNCTION" VALUE="VFU0351"/>
<PROPERTY NAME="UWEBHANDLERPROCESS" VALUE="VF_PR003"/>
</MEMBER>
<MEMBER CLASS="VF_FP010" ID="37267FC447064B428D0276BEFACA6F27" WEB="N" >
<PROPERTY NAME="IP_LAST" VALUE="20090209-142634-VLFPGMLIB"/>
<PROPERTY NAME="UALLOWWEB" VALUE="FALSE"/>
<PROPERTY NAME="UCAPTION" LANG="ENG" VALUE="New Command Reference"/>
<PROPERTY NAME="UCAPTION" LANG="FRA" VALUE="Nouvelle référence commande"/>
<PROPERTY NAME="UCAPTION" LANG="JPN" VALUE="新しいｺﾏﾝﾄﾞﾘﾌｧﾚﾝｽ"/>
<PROPERTY NAME="UCHERRYREFERENCE" VALUE=""/>
<PROPERTY NAME="UCOMMANDAARG1" VALUE="TRUE"/>
<PROPERTY NAME="UCOMMANDID" VALUE="98FE90CA145D4742AD37BC4A6BFD7C23"/>
<PROPERTY NAME="UHANDLERNAME" VALUE="DF_DET46"/>
<PROPERTY NAME="UHIDDENCOMMAND" VALUE="TRUE"/>
<PROPERTY NAME="USEQUENCE" TYPE="N" VALUE="3"/>
<PROPERTY NAME="USHOWINPOPUP" VALUE="FALSE"/>
<PROPERTY NAME="UWAM" VALUE="TRUE"/>
<PROPERTY NAME="UWAMCOMPONENT" VALUE="VFU0551"/>
<PROPERTY NAME="UWEBHANDLERFUNCTION" VALUE="VFU0351"/>
<PROPERTY NAME="UWEBHANDLERPROCESS" VALUE="VF_PR003"/>
</MEMBER>
<MEMBER CLASS="VF_FP010" ID="077D42DBA13D48DCB9741331E70A719D" WEB="N" >
<PROPERTY NAME="IP_LAST" VALUE="20090209-142640-VLFPGMLIB"/>
<PROPERTY NAME="UALLOWWEB" VALUE="FALSE"/>
<PROPERTY NAME="UCAPTION" LANG="ENG" VALUE="New Command Reference"/>
<PROPERTY NAME="UCAPTION" LANG="FRA" VALUE="Nouvelle référence commande"/>
<PROPERTY NAME="UCAPTION" LANG="JPN" VALUE="新しいｺﾏﾝﾄﾞﾘﾌｧﾚﾝｽ"/>
<PROPERTY NAME="UCHERRYREFERENCE" VALUE=""/>
<PROPERTY NAME="UCOMMANDAARG1" VALUE="FALSE"/>
<PROPERTY NAME="UCOMMANDID" VALUE="5EFE91CCC9984E3FA734F49AF479502B"/>
<PROPERTY NAME="UHANDLERNAME" VALUE="DF_DET46"/>
<PROPERTY NAME="UHIDDENCOMMAND" VALUE="TRUE"/>
<PROPERTY NAME="USEQUENCE" TYPE="N" VALUE="4"/>
<PROPERTY NAME="USHOWINPOPUP" VALUE="FALSE"/>
<PROPERTY NAME="UWAM" VALUE="TRUE"/>
<PROPERTY NAME="UWAMCOMPONENT" VALUE="VFU0551"/>
<PROPERTY NAME="UWEBHANDLERFUNCTION" VALUE="VFU0351"/>
<PROPERTY NAME="UWEBHANDLERPROCESS" VALUE="VF_PR003"/>
</MEMBER>
<MEMBER CLASS="VF_FP010" ID="34826B1A30654638ADA1182B6AAB9125" WEB="N" >
<PROPERTY NAME="IP_LAST" VALUE="20151019-123523-QOTHPRDOWN"/>
<PROPERTY NAME="UALLOWWEB" VALUE="FALSE"/>
<PROPERTY NAME="UBYPASSLOCKS" VALUE="TRUE"/>
<PROPERTY NAME="UCAPTION" LANG="ENG" VALUE="New Command Reference"/>
<PROPERTY NAME="UCAPTION" LANG="FRA" VALUE="Nouvelle référence commande"/>
<PROPERTY NAME="UCHERRYREFERENCE" VALUE=""/>
<PROPERTY NAME="UCOMMANDID" VALUE="3CBD7110AA604EB69E7818D8738E5ED2"/>
<PROPERTY NAME="UHANDLERNAME" VALUE="DF_DET47"/>
<PROPERTY NAME="UHIDDENCOMMAND" VALUE="TRUE"/>
<PROPERTY NAME="UHIDEOTHERS" VALUE="FALSE"/>
<PROPERTY NAME="USEQUENCE" TYPE="N" VALUE="78"/>
<PROPERTY NAME="USHOWINPOPUP" VALUE="FALSE"/>
<PROPERTY NAME="UWAM" VALUE="TRUE"/>
<PROPERTY NAME="UWAMCOMPONENT" VALUE="VFU0551"/>
<PROPERTY NAME="UWEBHANDLERFUNCTION" VALUE="VFU0351"/>
<PROPERTY NAME="UWEBHANDLERPROCESS" VALUE="VF_PR003"/>
</MEMBER>
<MEMBER CLASS="VF_FP010" ID="C1AF1C0C296843FAA3552AEACD618ED9" WEB="N" >
<PROPERTY NAME="IP_LAST" VALUE="20110207-172909-VLFPGMLIB"/>
<PROPERTY NAME="UALLOWWEB" VALUE="FALSE"/>
<PROPERTY NAME="UBYPASSLOCKS" VALUE="TRUE"/>
<PROPERTY NAME="UCAPTION" LANG="ENG" VALUE="New Command Reference"/>
<PROPERTY NAME="UCAPTION" LANG="FRA" VALUE="Nouvelle référence commande"/>
<PROPERTY NAME="UCHERRYREFERENCE" VALUE=""/>
<PROPERTY NAME="UCOMMANDID" VALUE="7F09F281F517452F886B3B7F42F998C1"/>
<PROPERTY NAME="UHANDLERNAME" VALUE="DF_DET48"/>
<PROPERTY NAME="UHIDDENCOMMAND" VALUE="TRUE"/>
<PROPERTY NAME="USHOWINPOPUP" VALUE="FALSE"/>
<PROPERTY NAME="UWAM" VALUE="TRUE"/>
<PROPERTY NAME="UWAMCOMPONENT" VALUE="VFU0551"/>
<PROPERTY NAME="UWEBHANDLERFUNCTION" VALUE="VFU0351"/>
<PROPERTY NAME="UWEBHANDLERPROCESS" VALUE="VF_PR003"/>
</MEMBER>
<MEMBER CLASS="VF_FP010" ID="BA90B02F0945484A872055A5148CD350" WEB="N" >
<PROPERTY NAME="IP_LAST" VALUE="20110207-172915-VLFPGMLIB"/>
<PROPERTY NAME="UALLOWWEB" VALUE="FALSE"/>
<PROPERTY NAME="UBYPASSLOCKS" VALUE="TRUE"/>
<PROPERTY NAME="UCAPTION" LANG="ENG" VALUE="New Command Reference"/>
<PROPERTY NAME="UCAPTION" LANG="FRA" VALUE="Nouvelle référence commande"/>
<PROPERTY NAME="UCHERRYREFERENCE" VALUE=""/>
<PROPERTY NAME="UCOMMANDID" VALUE="8C234876220D47C08E1A5FC42FD52BC9"/>
<PROPERTY NAME="UHANDLERNAME" VALUE="DF_MSGQS"/>
<PROPERTY NAME="UHIDDENCOMMAND" VALUE="TRUE"/>
<PROPERTY NAME="UHIDEOTHERS" VALUE="FALSE"/>
<PROPERTY NAME="USHOWINPOPUP" VALUE="FALSE"/>
<PROPERTY NAME="UWAM" VALUE="TRUE"/>
<PROPERTY NAME="UWAMCOMPONENT" VALUE="VFU0551"/>
<PROPERTY NAME="UWEBHANDLERFUNCTION" VALUE="VFU0351"/>
<PROPERTY NAME="UWEBHANDLERPROCESS" VALUE="VF_PR003"/>
</MEMBER>
<OBJECT TYPE="COMMAND_GROUP" CLASS="VF_FP012" ID="COMMANDREF_13" >
<PROPERTY NAME="UCAPTION" LANG="ENG" VALUE="File"/>
<PROPERTY NAME="UCAPTION" LANG="FRA" VALUE="Fichier"/>
<PROPERTY NAME="UCAPTION" LANG="JPN" VALUE="ﾌｧｲﾙ"/>
<PROPERTY NAME="UCAPTIONACCEL" LANG="ENG" VALUE="&amp;File"/>
<PROPERTY NAME="UCAPTIONACCEL" LANG="FRA" VALUE="&amp;Fichier"/>
<PROPERTY NAME="UCAPTIONACCEL" LANG="JPN" VALUE="ﾌｧｲﾙ(&amp;F)"/>
<PROPERTY NAME="USEQUENCE" TYPE="N" VALUE="1"/>
</OBJECT>
<OBJECT TYPE="COMMAND_GROUP" CLASS="VF_FP012" ID="COMMANDREF_14" >
<PROPERTY NAME="UCAPTION" LANG="ENG" VALUE="View"/>
<PROPERTY NAME="UCAPTION" LANG="FRA" VALUE="Affichage"/>
<PROPERTY NAME="UCAPTION" LANG="JPN" VALUE="表示"/>
<PROPERTY NAME="UCAPTIONACCEL" LANG="ENG" VALUE="&amp;View"/>
<PROPERTY NAME="UCAPTIONACCEL" LANG="FRA" VALUE="&amp;Afficher"/>
<PROPERTY NAME="UCAPTIONACCEL" LANG="JPN" VALUE="表示(&amp;V)"/>
<PROPERTY NAME="USEQUENCE" TYPE="N" VALUE="2"/>
</OBJECT>
<OBJECT TYPE="COMMAND_GROUP" CLASS="VF_FP012" ID="COMMANDREF_18" >
<PROPERTY NAME="UCAPTION" LANG="ENG" VALUE="Actions"/>
<PROPERTY NAME="UCAPTION" LANG="JPN" VALUE="ｱｸｼｮﾝ"/>
<PROPERTY NAME="UCAPTIONACCEL" LANG="ENG" VALUE="&amp;Actions"/>
<PROPERTY NAME="UCAPTIONACCEL" LANG="FRA" VALUE="Action&amp;s"/>
<PROPERTY NAME="UCAPTIONACCEL" LANG="JPN" VALUE="ｱｸｼｮﾝ(&amp;A)"/>
<PROPERTY NAME="UHINT" LANG="ENG" VALUE="Actions"/>
<PROPERTY NAME="UHINT" LANG="JPN" VALUE="ｱｸｼｮﾝ"/>
<PROPERTY NAME="USEQUENCE" TYPE="N" VALUE="3"/>
<PROPERTY NAME="UUSEROBJECTTYPE" VALUE="Actions"/>
</OBJECT>
<OBJECT TYPE="COMMAND_GROUP" CLASS="VF_FP012" ID="COMMANDREF_23" >
<PROPERTY NAME="UCAPTION" LANG="ENG" VALUE="Edit"/>
<PROPERTY NAME="UCAPTION" LANG="FRA" VALUE="Edition"/>
<PROPERTY NAME="UCAPTION" LANG="JPN" VALUE="編集"/>
<PROPERTY NAME="UCAPTIONACCEL" LANG="ENG" VALUE="&amp;Edit"/>
<PROPERTY NAME="UCAPTIONACCEL" LANG="FRA" VALUE="&amp;Edition"/>
<PROPERTY NAME="UCAPTIONACCEL" LANG="JPN" VALUE="編集(&amp;E)"/>
<PROPERTY NAME="USEQUENCE" TYPE="N" VALUE="2"/>
</OBJECT>
<OBJECT TYPE="COMMAND_GROUP" CLASS="VF_FP012" ID="COMMANDREF_24" >
<PROPERTY NAME="UCAPTION" LANG="ENG" VALUE="Help"/>
<PROPERTY NAME="UCAPTION" LANG="FRA" VALUE="Aide"/>
<PROPERTY NAME="UCAPTION" LANG="JPN" VALUE="ﾍﾙﾌﾟ"/>
<PROPERTY NAME="UCAPTIONACCEL" LANG="ENG" VALUE="&amp;Help"/>
<PROPERTY NAME="UCAPTIONACCEL" LANG="FRA" VALUE="&amp;?"/>
<PROPERTY NAME="UCAPTIONACCEL" LANG="JPN" VALUE="ﾍﾙﾌﾟ(&amp;H)"/>
<PROPERTY NAME="USEQUENCE" TYPE="N" VALUE="6"/>
</OBJECT>
<OBJECT TYPE="COMMAND_GROUP" CLASS="VF_FP012" ID="COMMANDREF_25" >
<PROPERTY NAME="UCAPTION" LANG="ENG" VALUE="Tools"/>
<PROPERTY NAME="UCAPTION" LANG="FRA" VALUE="Outils"/>
<PROPERTY NAME="UCAPTION" LANG="JPN" VALUE="ﾂｰﾙ"/>
<PROPERTY NAME="UCAPTIONACCEL" LANG="ENG" VALUE="&amp;Tools"/>
<PROPERTY NAME="UCAPTIONACCEL" LANG="FRA" VALUE="&amp;Outils"/>
<PROPERTY NAME="UCAPTIONACCEL" LANG="JPN" VALUE="ﾂｰﾙ(&amp;T)"/>
<PROPERTY NAME="USEQUENCE" TYPE="N" VALUE="5"/>
</OBJECT>
<OBJECT TYPE="LANGUAGE" CLASS="VF_FP016" ID="E26790D419694872B1130E208BF6A2FE" >
<PROPERTY NAME="UCAPTION" LANG="ENG" VALUE="English"/>
<PROPERTY NAME="UCAPTION" LANG="FRA" VALUE="Anglais"/>
<PROPERTY NAME="UCAPTION" LANG="JPN" VALUE="English"/>
<PROPERTY NAME="ULANGUAGE" VALUE="ENG"/>
<PROPERTY NAME="USXMFORMAT" VALUE="JSCRIPT"/>
</OBJECT>
<OBJECT TYPE="LANGUAGE" CLASS="VF_FP016" ID="46A4258592474B16A7191291C3B9AA45" >
<PROPERTY NAME="IP_LAST" VALUE="20080716-125047-DCXUSER"/>
<PROPERTY NAME="UALLOWWEB" VALUE="FALSE"/>
<PROPERTY NAME="UCAPTION" LANG="ENG" VALUE="French"/>
<PROPERTY NAME="UCAPTION" LANG="FRA" VALUE="Français"/>
<PROPERTY NAME="UCAPTION" LANG="JPN" VALUE="French"/>
<PROPERTY NAME="UDBCS" VALUE="FALSE"/>
<PROPERTY NAME="UISERIESCCSID" VALUE="01208"/>
<PROPERTY NAME="ULANGUAGE" VALUE="FRA"/>
<PROPERTY NAME="UMETATAG" VALUE="&lt;meta http-equiv='content-type' content='text/html; charset=windows-1252' /&gt;"/>
</OBJECT>
<OBJECT TYPE="APPLICATION" CLASS="VF_FP002" ID="408E8663F5934B538D3E702234FA9CE2" WEB="N" >
<PROPERTY NAME="IP_LAST" VALUE="20150331-151811-BAXTERB01"/>
<PROPERTY NAME="UABOUTLINE" LANG="ENG" VALUE="This application holds your favorites. You can drag and drop business objects that you commonly use into this application."/>
<PROPERTY NAME="UABOUTLINE" LANG="ENG" INST="00002" VALUE=""/>
<PROPERTY NAME="UABOUTLINE" LANG="ENG" INST="00003" VALUE="From then on you will be able to access those business objects from here."/>
<PROPERTY NAME="UABOUTLINE" LANG="FRA" VALUE="Cette application enregistre vos favoris. Faites les glisser puis déposer les dans cette application."/>
<PROPERTY NAME="UABOUTLINE" LANG="FRA" INST="00002" VALUE=""/>
<PROPERTY NAME="UABOUTLINE" LANG="FRA" INST="00003" VALUE="Vous pourrez ensuite utiliser ces objets métiers directement depuis ici."/>
<PROPERTY NAME="UABOUTLINE" LANG="JPN" VALUE="このｱﾌﾟﾘｹｰｼｮﾝはお気に入りを保管します。このｱﾌﾟﾘｹｰｼｮﾝで共通使用するﾋﾞｼﾞﾈｽｵﾌﾞｼﾞｪｸﾄをﾄﾞﾗｯｸﾞ&ﾄﾞﾛｯﾌﾟします。"/>
<PROPERTY NAME="UABOUTLINE" LANG="JPN" INST="00002" VALUE=""/>
<PROPERTY NAME="UABOUTLINE" LANG="JPN" INST="00003" VALUE="それ以降ここからﾋﾞｼﾞﾈｽｵﾌﾞｼﾞｪｸﾄにｱｸｾｽできます。"/>
<PROPERTY NAME="UABOUTLINEMAX" TYPE="N" LANG="ENG" VALUE="3"/>
<PROPERTY NAME="UABOUTLINEMAX" TYPE="N" LANG="FRA" VALUE="3"/>
<PROPERTY NAME="UABOUTLINEMAX" TYPE="N" LANG="JPN" VALUE="3"/>
<PROPERTY NAME="UALLOWFAVOURITES" VALUE="TRUE"/>
<PROPERTY NAME="UALLOWWEB" VALUE="FALSE"/>
<PROPERTY NAME="UBITMAPNAME" VALUE="VF_BM481"/>
<PROPERTY NAME="UCAPTION" LANG="ENG" VALUE="Favorites"/>
<PROPERTY NAME="UCAPTION" LANG="FRA" VALUE="Favoris"/>
<PROPERTY NAME="UCAPTION" LANG="JPN" VALUE="お気に入り"/>
<PROPERTY NAME="UHINT" LANG="ENG" VALUE="This application holds your favorite business objects. Drag and drop commonly used business objects into this application"/>
<PROPERTY NAME="UHINT" LANG="FRA" VALUE="Cette application enregistre vos objets métier favoris. Faites glisser puis déposer les objets souhaités dans cette application"/>
<PROPERTY NAME="UHINT" LANG="JPN" VALUE="このｱﾌﾟﾘｹｰｼｮﾝはお気に入りのﾋﾞｼﾞﾈｽｵﾌﾞｼﾞｪｸﾄを保管します。このｱﾌﾟﾘｹｰｼｮﾝで共通使用するﾋﾞｼﾞﾈｽｵﾌﾞｼﾞｪｸﾄをﾄﾞﾗｯｸﾞ&ﾄﾞﾛｯﾌﾟします。"/>
<PROPERTY NAME="UICONNAME" VALUE="VF_IC481"/>
<PROPERTY NAME="UINTROMETHOD" VALUE="NONE"/>
<PROPERTY NAME="UNVISUALSTYLE2" LANG="ENG" VALUE="VF_VS107X"/>
<PROPERTY NAME="UNVISUALSTYLE2" LANG="JPN" VALUE="VF_VS107J"/>
<PROPERTY NAME="UNVISUALSTYLE3" LANG="ENG" VALUE="VF_VS104X"/>
<PROPERTY NAME="UNVISUALSTYLE3" LANG="JPN" VALUE="VF_VS104J"/>
<PROPERTY NAME="USEQUENCE" TYPE="N" VALUE="2"/>
<PROPERTY NAME="UTECHSUPPORT" VALUE="http://www.lansa.com"/>
<PROPERTY NAME="UUSEROBJECTTYPE" VALUE="FAVORITES"/>
<MEMBER CLASS="VF_FP010" ID="A5840C50B81A4A7DA4C79437C06D0597" WEB="N" >
<PROPERTY NAME="IP_LAST" VALUE="20061109-165245-DCXUSER"/>
<PROPERTY NAME="UALLOWWEB" VALUE="FALSE"/>
<PROPERTY NAME="UCAPTION" LANG="ENG" VALUE="New Command Reference"/>
<PROPERTY NAME="UCAPTION" LANG="FRA" VALUE="Nouvelle référence commande"/>
<PROPERTY NAME="UCAPTION" LANG="JPN" VALUE="新しいｺﾏﾝﾄﾞﾘﾌｧﾚﾝｽ"/>
<PROPERTY NAME="UCHERRYREFERENCE" VALUE=""/>
<PROPERTY NAME="UCOMMANDID" VALUE="COMMAND_165"/>
<PROPERTY NAME="UWAMCOMPONENT" VALUE="VFU0551"/>
<PROPERTY NAME="UWEBHANDLERFUNCTION" VALUE="VFU0351"/>
<PROPERTY NAME="UWEBHANDLERPROCESS" VALUE="VF_PR003"/>
</MEMBER>
</OBJECT>
<OBJECT TYPE="APPLICATION" CLASS="VF_FP002" ID="B4DE7FBA26954F50B75F4CF30FA804C8">
<PROPERTY NAME="IP_LAST" VALUE="20150331-151802-BAXTERB01"/>
<PROPERTY NAME="UALLOWFAVOURITES" VALUE="FALSE"/>
<PROPERTY NAME="UCAPTION" LANG="ENG" VALUE="Mission"/>
<PROPERTY NAME="UICONNAME" VALUE="VF_IC556"/>
<PROPERTY NAME="UINTROIMAGEFILE" VALUE="TreeShrub-big.PNG"/>
<PROPERTY NAME="UINTROURL" LANG="ENG" VALUE="http://www.trugreen.com"/>
<PROPERTY NAME="UNVISUALSTYLE2" LANG="ENG" VALUE="VF_VS107X"/>
<PROPERTY NAME="UNVISUALSTYLE3" LANG="ENG" VALUE="VF_VS104X"/>
<PROPERTY NAME="USEQUENCE" TYPE="N" VALUE="1"/>
<PROPERTY NAME="UUSEROBJECTTYPE" VALUE="CUSTOMER_SERVICE"/>
<MEMBER CLASS="VF_FP008" ID="0F112700DCBE4B9F893E6AECD179BDA4">
<PROPERTY NAME="IP_LAST" VALUE="20150325-122228-BAXTERB01"/>
<PROPERTY NAME="UBUSINESSOBJID" VALUE="0311DFC2297C4E87BD2C102C0C259C92"/>
</MEMBER>
</OBJECT>
<OBJECT TYPE="BUSINESS_OBJECT" CLASS="VF_FP003" ID="0311DFC2297C4E87BD2C102C0C259C92">
<PROPERTY NAME="CA_ADDCOLUMN" VALUE="PAPPHNV"/>
<PROPERTY NAME="CA_ADDCOLUMN" INST="2" VALUE="PAPPHX"/>
<PROPERTY NAME="CA_ADDCOLUMN" INST="3" VALUE="PAPPAASID"/>
<PROPERTY NAME="CA_ADDCOLUMN" INST="4" VALUE="PAPADRID"/>
<PROPERTY NAME="CA_ADDCOLUMN" INST="5" VALUE="XXDATE"/>
<PROPERTY NAME="CA_ADDCOLUMN" INST="6" VALUE="XXTIME"/>
<PROPERTY NAME="CA_ADDCOLUMN" INST="7" VALUE="XXFUNC"/>
<PROPERTY NAME="CA_ADDCOLUMN" INST="8" VALUE="XXPROC"/>
<PROPERTY NAME="CA_ADDCOLUMN" INST="9" VALUE="XXUSER"/>
<PROPERTY NAME="CA_ADDCOLUMN" INST="10" VALUE="CRYPHCOD"/>
<PROPERTY NAME="CA_ADDCOLUMN" INST="11" VALUE="PTYNAM"/>
<PROPERTY NAME="CA_ADDCOLUMN" INST="12" VALUE="PTYSICCOD"/>
<PROPERTY NAME="CA_ADDCOLUMN" INST="13" VALUE="PTYVAR1"/>
<PROPERTY NAME="CA_ADDCOLUMN" INST="14" VALUE="PAPPHNV"/>
<PROPERTY NAME="CA_ADDCOLUMN" INST="15" VALUE="XXPROC"/>
<PROPERTY NAME="CA_ADDCOLUMN" INST="16" VALUE="XXUSER"/>
<PROPERTY NAME="CA_ADDCOLUMN" INST="17" VALUE="CRYPHCOD"/>
<PROPERTY NAME="CA_ADDCOLUMN" INST="18" VALUE="PTYNAM"/>
<PROPERTY NAME="CA_ADDCOLUMN" INST="19" VALUE="PTYSICCOD"/>
<PROPERTY NAME="CA_ADDCOLUMN" INST="20" VALUE="PTYVAR1"/>
<PROPERTY NAME="CA_ADDCOLUMN" INST="21" VALUE="PAPPHNV"/>
<PROPERTY NAME="CA_ADDCOLUMN" INST="22" VALUE="PAPPHNV"/>
<PROPERTY NAME="CA_ADDCOLUMN" INST="23" VALUE="PAPPHNV"/>
<PROPERTY NAME="CA_ADDCOLUMN" INST="24" VALUE="PAPPHNV"/>
<PROPERTY NAME="CA_ADDCOLUMN" INST="25" VALUE="PAPPHNV"/>
<PROPERTY NAME="CA_ADDCOLUMNLINKFILE" VALUE="PYPAP"/>
<PROPERTY NAME="CA_ADDCOLUMNTOTAL" TYPE="N" VALUE="1"/>
<PROPERTY NAME="CA_BASEPHYSICALFILE" VALUE="PYPAP"/>
<PROPERTY NAME="CA_PROGRAMID" VALUE="PTYID"/>
<PROPERTY NAME="CA_PROGRAMID" INST="2" VALUE="CUSNUM"/>
<PROPERTY NAME="CA_PROGRAMIDTOTAL" TYPE="N" VALUE="2"/>
<PROPERTY NAME="CA_VISUALID" VALUE="CUSNUM"/>
<PROPERTY NAME="CA_VISUALID" INST="2" VALUE="CUSNAM"/>
<PROPERTY NAME="CA_VISUALID" INST="3" VALUE="CUSNAM"/>
<PROPERTY NAME="CA_VISUALID" INST="4" VALUE="CUSBUNCDR"/>
<PROPERTY NAME="CA_VISUALID" INST="5" VALUE="CUSBUNCOD"/>
<PROPERTY NAME="CA_VISUALID" INST="6" VALUE="CUSVAR1"/>
<PROPERTY NAME="CA_VISUALID" INST="7" VALUE="CUSFID"/>
<PROPERTY NAME="CA_VISUALID" INST="8" VALUE="CUSTRMCOD"/>
<PROPERTY NAME="CA_VISUALID" INST="9" VALUE="CUSTAXIND"/>
<PROPERTY NAME="CA_VISUALID" INST="10" VALUE="CUSTXENUM"/>
<PROPERTY NAME="CA_VISUALID" INST="11" VALUE="CUSMSTIND"/>
<PROPERTY NAME="CA_VISUALID" INST="12" VALUE="CUSAMSIND"/>
<PROPERTY NAME="CA_VISUALID" INST="13" VALUE="CUSMALDOM"/>
<PROPERTY NAME="CA_VISUALID" INST="14" VALUE="CUSLSTDTE"/>
<PROPERTY NAME="CA_VISUALID" INST="15" VALUE="CUSEMPNUR"/>
<PROPERTY NAME="CA_VISUALID" INST="16" VALUE="CUSEMPNUS"/>
<PROPERTY NAME="CA_VISUALID" INST="17" VALUE="CUSSXRF"/>
<PROPERTY NAME="CA_VISUALID" INST="18" VALUE="CUSEXRF"/>
<PROPERTY NAME="CA_VISUALID" INST="19" VALUE="CUSOXRF"/>
<PROPERTY NAME="CA_VISUALID" INST="20" VALUE="CUSACQBCD"/>
<PROPERTY NAME="CA_VISUALID" INST="21" VALUE="CUSAXRF"/>
<PROPERTY NAME="CA_VISUALID" INST="22" VALUE="CUSRBUNCD"/>
<PROPERTY NAME="CA_VISUALID" INST="23" VALUE="CUSRBUTCD"/>
<PROPERTY NAME="CA_VISUALID" INST="24" VALUE="CUS______"/>
<PROPERTY NAME="CA_VISUALID" INST="25" VALUE="CUSASSIND"/>
<PROPERTY NAME="CA_VISUALID" INST="26" VALUE="CUSBDIND"/>
<PROPERTY NAME="CA_VISUALID" INST="27" VALUE="CUSNCIIND"/>
<PROPERTY NAME="CA_VISUALID" INST="28" VALUE="CUSSSGIDX"/>
<PROPERTY NAME="CA_VISUALID" INST="29" VALUE="CUSSSNAMT"/>
<PROPERTY NAME="CA_VISUALID" INST="30" VALUE="CUSFH@STS"/>
<PROPERTY NAME="CA_VISUALID" INST="31" VALUE="CUSFH@IDX"/>
<PROPERTY NAME="CA_VISUALID" INST="32" VALUE="CUSSSBAL"/>
<PROPERTY NAME="CA_VISUALID" INST="33" VALUE="CUSARBAL"/>
<PROPERTY NAME="CA_VISUALID" INST="34" VALUE="CUP01"/>
<PROPERTY NAME="CA_VISUALID" INST="35" VALUE="CUP02"/>
<PROPERTY NAME="CA_VISUALID" INST="36" VALUE="CUP03"/>
<PROPERTY NAME="CA_VISUALID" INST="37" VALUE="CUP04"/>
<PROPERTY NAME="CA_VISUALID" INST="38" VALUE="CUP05"/>
<PROPERTY NAME="CA_VISUALID" INST="39" VALUE="CUP06"/>
<PROPERTY NAME="CA_VISUALID" INST="40" VALUE="CUP07"/>
<PROPERTY NAME="CA_VISUALID" INST="41" VALUE="CUP08"/>
<PROPERTY NAME="CA_VISUALID" INST="42" VALUE="CUP09"/>
<PROPERTY NAME="CA_VISUALID" INST="43" VALUE="CUF01"/>
<PROPERTY NAME="CA_VISUALID" INST="44" VALUE="CUF02"/>
<PROPERTY NAME="CA_VISUALID" INST="45" VALUE="CUF03"/>
<PROPERTY NAME="CA_VISUALID" INST="46" VALUE="CUF04"/>
<PROPERTY NAME="CA_VISUALID" INST="47" VALUE="CUF05"/>
<PROPERTY NAME="CA_VISUALID" INST="48" VALUE="CUF06"/>
<PROPERTY NAME="CA_VISUALID" INST="49" VALUE="CUF07"/>
<PROPERTY NAME="CA_VISUALID" INST="50" VALUE="CUF08"/>
<PROPERTY NAME="CA_VISUALID" INST="51" VALUE="CUF09"/>
<PROPERTY NAME="CA_VISUALID" INST="52" VALUE="XXDATE"/>
<PROPERTY NAME="CA_VISUALID" INST="53" VALUE="XXFUNC"/>
<PROPERTY NAME="CA_VISUALID" INST="54" VALUE="XXPROC"/>
<PROPERTY NAME="CA_VISUALID" INST="55" VALUE="XXTIME"/>
<PROPERTY NAME="CA_VISUALID" INST="56" VALUE="XXUSER"/>
<PROPERTY NAME="CA_VISUALID" INST="57" VALUE="CUSFH@DSC"/>
<PROPERTY NAME="CA_VISUALID" INST="58" VALUE="CUSSSGDSC"/>
<PROPERTY NAME="CA_VISUALID" INST="59" VALUE="CUP50"/>
<PROPERTY NAME="CA_VISUALID" INST="60" VALUE="CUPBAL"/>
<PROPERTY NAME="CA_VISUALID" INST="61" VALUE="CUFBAL"/>
<PROPERTY NAME="CA_VISUALID" INST="62" VALUE="CUSLSTDTV"/>
<PROPERTY NAME="CA_VISUALID" INST="63" VALUE="PTYSICCOD"/>
<PROPERTY NAME="CA_VISUALID" INST="64" VALUE="PTYVAR1"/>
<PROPERTY NAME="CA_VISUALID" INST="65" VALUE="CUSSTS"/>
<PROPERTY NAME="CA_VISUALID" INST="66" VALUE="CUSLBDTEV"/>
<PROPERTY NAME="CA_VISUALID" INST="67" VALUE="CUSLPDTEV"/>
<PROPERTY NAME="CA_VISUALID" INST="68" VALUE="CUSLSDTEV"/>
<PROPERTY NAME="CA_VISUALID" INST="69" VALUE="CUSNSDTEV"/>
<PROPERTY NAME="CA_VISUALID" INST="70" VALUE="CUSICGARY"/>
<PROPERTY NAME="CA_VISUALID" INST="71" VALUE="CUSICGARY"/>
<PROPERTY NAME="CA_VISUALIDLINKFILE" VALUE="PYCUS"/>
<PROPERTY NAME="CA_VISUALIDTOTAL" TYPE="N" VALUE="2"/>
<PROPERTY NAME="IP_LAST" VALUE="20151106-115141-QOTHPRDOWN"/>
<PROPERTY NAME="UADDCOLCAPTION" LANG="ENG" VALUE="Phone"/>
<PROPERTY NAME="UADDCOLCAPTION" LANG="ENG" INST="2" VALUE="Street Address"/>
<PROPERTY NAME="UADDCOLCAPTION" LANG="ENG" INST="3" VALUE="City/State/Postal Code"/>
<PROPERTY NAME="UADDCOLCAPTION" LANG="ENG" INST="4" VALUE="Indicators"/>
<PROPERTY NAME="UADDCOLCAPTION" LANG="ENG" INST="5" VALUE="Location xRef"/>
<PROPERTY NAME="UADDCOLCAPTION" LANG="ENG" INST="6" VALUE="Location"/>
<PROPERTY NAME="UADDCOLCAPTION" LANG="ENG" INST="7" VALUE="SVC Line"/>
<PROPERTY NAME="UADDCOLCAPTION" LANG="ENG" INST="8" VALUE="Bill/Mkt Type"/>
<PROPERTY NAME="UADDCOLCAPTION" LANG="ENG" INST="9" VALUE="Own BU"/>
<PROPERTY NAME="UADDCOLCAPTION" LANG="ENG" INST="10" VALUE="Status"/>
<PROPERTY NAME="UADDCOLCAPTION" LANG="FRA" VALUE="Phone #"/>
<PROPERTY NAME="UADDCOLCAPTION" LANG="FRA" INST="2" VALUE="Street"/>
<PROPERTY NAME="UADDCOLCAPTION" LANG="FRA" INST="3" VALUE="City"/>
<PROPERTY NAME="UADDCOLCAPTION" LANG="FRA" INST="4" VALUE="State"/>
<PROPERTY NAME="UADDCOLCAPTION" LANG="FRA" INST="5" VALUE="Zip"/>
<PROPERTY NAME="UADDCOLCAPTION" LANG="FRA" INST="6" VALUE="Indicators"/>
<PROPERTY NAME="UADDCOLCAPTION" LANG="FRA" INST="7" VALUE="Location xRef"/>
<PROPERTY NAME="UADDCOLCAPTION" LANG="FRA" INST="8" VALUE="Location"/>
<PROPERTY NAME="UADDCOLCAPTION" LANG="FRA" INST="9" VALUE="SVC Line"/>
<PROPERTY NAME="UADDCOLCAPTION" LANG="FRA" INST="10" VALUE="Status"/>
<PROPERTY NAME="UADDCOLCAPTION" LANG="JPN" VALUE="Phone #"/>
<PROPERTY NAME="UADDCOLDECIMALS" TYPE="N" VALUE="0"/>
<PROPERTY NAME="UADDCOLDECIMALS" TYPE="N" INST="2" VALUE="0"/>
<PROPERTY NAME="UADDCOLDECIMALS" TYPE="N" INST="3" VALUE="0"/>
<PROPERTY NAME="UADDCOLDECIMALS" TYPE="N" INST="4" VALUE="0"/>
<PROPERTY NAME="UADDCOLDECIMALS" TYPE="N" INST="5" VALUE="0"/>
<PROPERTY NAME="UADDCOLDECIMALS" TYPE="N" INST="6" VALUE="0"/>
<PROPERTY NAME="UADDCOLDECIMALS" TYPE="N" INST="7" VALUE="0"/>
<PROPERTY NAME="UADDCOLDECIMALS" TYPE="N" INST="8" VALUE="0"/>
<PROPERTY NAME="UADDCOLDECIMALS" TYPE="N" INST="9" VALUE="0"/>
<PROPERTY NAME="UADDCOLDECIMALS" TYPE="N" INST="10" VALUE="0"/>
<PROPERTY NAME="UADDCOLDTFORMAT" VALUE="DSYSFMT8"/>
<PROPERTY NAME="UADDCOLDTFORMAT" INST="2" VALUE="DSYSFMT8"/>
<PROPERTY NAME="UADDCOLDTFORMAT" INST="3" VALUE="DSYSFMT8"/>
<PROPERTY NAME="UADDCOLDTFORMAT" INST="4" VALUE="DSYSFMT8"/>
<PROPERTY NAME="UADDCOLDTFORMAT" INST="5" VALUE="DSYSFMT8"/>
<PROPERTY NAME="UADDCOLDTFORMAT" INST="6" VALUE="DSYSFMT8"/>
<PROPERTY NAME="UADDCOLDTFORMAT" INST="7" VALUE="DSYSFMT8"/>
<PROPERTY NAME="UADDCOLDTFORMAT" INST="8" VALUE="DSYSFMT8"/>
<PROPERTY NAME="UADDCOLDTFORMAT" INST="9" VALUE="DSYSFMT8"/>
<PROPERTY NAME="UADDCOLDTFORMAT" INST="10" VALUE="DSYSFMT8"/>
<PROPERTY NAME="UADDCOLDTUTC" VALUE="A"/>
<PROPERTY NAME="UADDCOLDTUTC" INST="2" VALUE="A"/>
<PROPERTY NAME="UADDCOLDTUTC" INST="3" VALUE="A"/>
<PROPERTY NAME="UADDCOLDTUTC" INST="4" VALUE="A"/>
<PROPERTY NAME="UADDCOLDTUTC" INST="5" VALUE="A"/>
<PROPERTY NAME="UADDCOLDTUTC" INST="6" VALUE="A"/>
<PROPERTY NAME="UADDCOLDTUTC" INST="7" VALUE="A"/>
<PROPERTY NAME="UADDCOLDTUTC" INST="8" VALUE="A"/>
<PROPERTY NAME="UADDCOLDTUTC" INST="9" VALUE="A"/>
<PROPERTY NAME="UADDCOLDTUTC" INST="10" VALUE="A"/>
<PROPERTY NAME="UADDCOLEDIT" VALUE="NONE"/>
<PROPERTY NAME="UADDCOLEDIT" INST="2" VALUE="NONE"/>
<PROPERTY NAME="UADDCOLEDIT" INST="3" VALUE="NONE"/>
<PROPERTY NAME="UADDCOLEDIT" INST="4" VALUE="NONE"/>
<PROPERTY NAME="UADDCOLEDIT" INST="5" VALUE="NONE"/>
<PROPERTY NAME="UADDCOLEDIT" INST="6" VALUE="NONE"/>
<PROPERTY NAME="UADDCOLEDIT" INST="7" VALUE="NONE"/>
<PROPERTY NAME="UADDCOLEDIT" INST="8" VALUE="NONE"/>
<PROPERTY NAME="UADDCOLEDIT" INST="9" VALUE="NONE"/>
<PROPERTY NAME="UADDCOLEDIT" INST="10" VALUE="NONE"/>
<PROPERTY NAME="UADDCOLMAX" TYPE="N" VALUE="10"/>
<PROPERTY NAME="UADDCOLSEQ" TYPE="N" VALUE="30"/>
<PROPERTY NAME="UADDCOLSEQ" TYPE="N" INST="2" VALUE="40"/>
<PROPERTY NAME="UADDCOLSEQ" TYPE="N" INST="3" VALUE="50"/>
<PROPERTY NAME="UADDCOLSEQ" TYPE="N" INST="4" VALUE="60"/>
<PROPERTY NAME="UADDCOLSEQ" TYPE="N" INST="5" VALUE="70"/>
<PROPERTY NAME="UADDCOLSEQ" TYPE="N" INST="6" VALUE="80"/>
<PROPERTY NAME="UADDCOLSEQ" TYPE="N" INST="7" VALUE="90"/>
<PROPERTY NAME="UADDCOLSEQ" TYPE="N" INST="8" VALUE="100"/>
<PROPERTY NAME="UADDCOLSEQ" TYPE="N" INST="9" VALUE="110"/>
<PROPERTY NAME="UADDCOLSEQ" TYPE="N" INST="10" VALUE="120"/>
<PROPERTY NAME="UADDCOLTYPE" VALUE="A1"/>
<PROPERTY NAME="UADDCOLTYPE" INST="2" VALUE="A2"/>
<PROPERTY NAME="UADDCOLTYPE" INST="3" VALUE="A3"/>
<PROPERTY NAME="UADDCOLTYPE" INST="4" VALUE="A4"/>
<PROPERTY NAME="UADDCOLTYPE" INST="5" VALUE="A5"/>
<PROPERTY NAME="UADDCOLTYPE" INST="6" VALUE="A6"/>
<PROPERTY NAME="UADDCOLTYPE" INST="7" VALUE="A7"/>
<PROPERTY NAME="UADDCOLTYPE" INST="8" VALUE="A8"/>
<PROPERTY NAME="UADDCOLTYPE" INST="9" VALUE="A9"/>
<PROPERTY NAME="UADDCOLTYPE" INST="10" VALUE="A10"/>
<PROPERTY NAME="UADDCOLWIDTH" TYPE="N" VALUE="10"/>
<PROPERTY NAME="UADDCOLWIDTH" TYPE="N" INST="2" VALUE="15"/>
<PROPERTY NAME="UADDCOLWIDTH" TYPE="N" INST="3" VALUE="15"/>
<PROPERTY NAME="UADDCOLWIDTH" TYPE="N" INST="4" VALUE="10"/>
<PROPERTY NAME="UADDCOLWIDTH" TYPE="N" INST="5" VALUE="10"/>
<PROPERTY NAME="UADDCOLWIDTH" TYPE="N" INST="6" VALUE="9"/>
<PROPERTY NAME="UADDCOLWIDTH" TYPE="N" INST="7" VALUE="10"/>
<PROPERTY NAME="UADDCOLWIDTH" TYPE="N" INST="8" VALUE="10"/>
<PROPERTY NAME="UADDCOLWIDTH" TYPE="N" INST="9" VALUE="8"/>
<PROPERTY NAME="UADDCOLWIDTH" TYPE="N" INST="10" VALUE="5"/>
<PROPERTY NAME="UALLOWCLEARBUTTON" VALUE="FALSE"/>
<PROPERTY NAME="UCAPTION" LANG="ENG" VALUE="Contact Management"/>
<PROPERTY NAME="UCAPTIONSINGULAR" LANG="ENG" VALUE="Contact Management"/>
<PROPERTY NAME="UICONNAME" VALUE="VF_IC498"/>
<PROPERTY NAME="ULISTPOPUP" VALUE="FALSE"/>
<PROPERTY NAME="UMINIBARLOC" VALUE="NONE"/>
<PROPERTY NAME="UMULTIPLESELECT" VALUE="FALSE"/>
<PROPERTY NAME="UNVISUALSTYLE1" LANG="ENG" VALUE="CMVS00004"/>
<PROPERTY NAME="UPOPUPPANEL" VALUE=""/>
<PROPERTY NAME="USAVEINSTANCELIST" VALUE="FALSE"/>
<PROPERTY NAME="USENDTOCSV" VALUE="FALSE"/>
<PROPERTY NAME="UUSEROBJECTTYPE" VALUE="CONTACT_MANAGEMENT"/>
<PROPERTY NAME="UVISUALID1CAPTION" LANG="ENG" VALUE="Customer#"/>
<PROPERTY NAME="UVISUALID1CAPTION" LANG="FRA" VALUE="Customer #"/>
<PROPERTY NAME="UVISUALID1CAPTION" LANG="JPN" VALUE="Customer #"/>
<PROPERTY NAME="UVISUALID1SEQ" TYPE="N" VALUE="10"/>
<PROPERTY NAME="UVISUALID1WIDTH" TYPE="N" VALUE="8"/>
<PROPERTY NAME="UVISUALID2CAPTION" LANG="ENG" VALUE="Name"/>
<PROPERTY NAME="UVISUALID2CAPTION" LANG="FRA" VALUE="Name"/>
<PROPERTY NAME="UVISUALID2CAPTION" LANG="JPN" VALUE="Name"/>
<PROPERTY NAME="UVISUALID2SEQ" TYPE="N" VALUE="20"/>
<PROPERTY NAME="UVISUALID2WIDTH" TYPE="N" VALUE="15"/>
<MEMBER CLASS="VF_FP010" ID="400B64A0DF41405282A3AAC457C5940C">
<PROPERTY NAME="CA_CHILDPHYSICALFILE" VALUE="PYPAP"/>
<PROPERTY NAME="CA_CHILDVIEW" VALUE="PYPAPFK1"/>
<PROPERTY NAME="CA_CHILDVIEWKEYTOTAL" TYPE="N" VALUE="0"/>
<PROPERTY NAME="IP_LAST" VALUE="20160111-115037-BAXTERB01"/>
<PROPERTY NAME="UCAPTION" LANG="ENG" VALUE="New Command Reference"/>
<PROPERTY NAME="UCHERRYREFERENCE" VALUE=""/>
<PROPERTY NAME="UCOMMANDID" VALUE="17A83498B71444DA95BDFEE582B34F51"/>
<PROPERTY NAME="UHANDLERNAME" VALUE="CMFCCS50"/>
<PROPERTY NAME="USEQUENCE" TYPE="N" VALUE="45"/>
<PROPERTY NAME="USHOWINMINIBAR" VALUE="FALSE"/>
<PROPERTY NAME="USINGLEINSTANCE" VALUE="TRUE"/>
<PROPERTY NAME="UWAMCOMPONENT" VALUE="VFU0551"/>
<PROPERTY NAME="UWEBHANDLERFUNCTION" VALUE="VFU0351"/>
<PROPERTY NAME="UWEBHANDLERPROCESS" VALUE="VF_PR003"/>
</MEMBER>
<MEMBER CLASS="VF_FP010" ID="AC03D68B8F8F453882B6F7A5F018ECDB">
<PROPERTY NAME="IP_LAST" VALUE="20150720-082100-BAXTERB01"/>
<PROPERTY NAME="UCAPTION" LANG="ENG" VALUE="New Command Reference"/>
<PROPERTY NAME="UCHERRYREFERENCE" VALUE=""/>
<PROPERTY NAME="UCOMMANDID" VALUE="38EBB62CAEAF4CC0AC75D29B77BC9A77"/>
<PROPERTY NAME="UHANDLERNAME" VALUE="CMFCCS20"/>
<PROPERTY NAME="USEQUENCE" TYPE="N" VALUE="20"/>
<PROPERTY NAME="USINGLEINSTANCE" VALUE="TRUE"/>
<PROPERTY NAME="UWAMCOMPONENT" VALUE="VFU0551"/>
<PROPERTY NAME="UWEBHANDLERFUNCTION" VALUE="VFU0351"/>
<PROPERTY NAME="UWEBHANDLERPROCESS" VALUE="VF_PR003"/>
</MEMBER>
<MEMBER CLASS="VF_FP010" ID="8A0A40132579492B98AAD9438501D085">
<PROPERTY NAME="CA_HEADFIELDTOTAL" TYPE="N" VALUE="0"/>
<PROPERTY NAME="CA_LISTFIELDTOTAL" TYPE="N" VALUE="0"/>
<PROPERTY NAME="IP_LAST" VALUE="20150720-082014-BAXTERB01"/>
<PROPERTY NAME="UCAPTION" LANG="ENG" VALUE="New Command Reference"/>
<PROPERTY NAME="UCHERRYREFERENCE" VALUE=""/>
<PROPERTY NAME="UCOMMANDID" VALUE="41C0A7E3B5DF4919879F4776D16C787A"/>
<PROPERTY NAME="UHANDLERNAME" VALUE="CMFCCS05"/>
<PROPERTY NAME="USEQUENCE" TYPE="N" VALUE="5"/>
<PROPERTY NAME="USINGLEINSTANCE" VALUE="TRUE"/>
<PROPERTY NAME="UWAMCOMPONENT" VALUE="VFU0551"/>
<PROPERTY NAME="UWEBHANDLERFUNCTION" VALUE="VFU0351"/>
<PROPERTY NAME="UWEBHANDLERPROCESS" VALUE="VF_PR003"/>
</MEMBER>
<MEMBER CLASS="VF_FP010" ID="418961AF75C64347AFFE05B07F7D01F5">
<PROPERTY NAME="IP_LAST" VALUE="20150720-082110-BAXTERB01"/>
<PROPERTY NAME="UCAPTION" LANG="ENG" VALUE="New Command Reference"/>
<PROPERTY NAME="UCHERRYREFERENCE" VALUE=""/>
<PROPERTY NAME="UCOMMANDID" VALUE="01DDF060A5204B4A809AC716445F55A9"/>
<PROPERTY NAME="UHANDLERNAME" VALUE="CMFCCS25"/>
<PROPERTY NAME="USEQUENCE" TYPE="N" VALUE="25"/>
<PROPERTY NAME="USINGLEINSTANCE" VALUE="TRUE"/>
<PROPERTY NAME="UWAMCOMPONENT" VALUE="VFU0551"/>
<PROPERTY NAME="UWEBHANDLERFUNCTION" VALUE="VFU0351"/>
<PROPERTY NAME="UWEBHANDLERPROCESS" VALUE="VF_PR003"/>
</MEMBER>
<MEMBER CLASS="VF_FP010" ID="CA16FE91E46A42B6B8718DA93FE1B519">
<PROPERTY NAME="IP_LAST" VALUE="20160111-115032-BAXTERB01"/>
<PROPERTY NAME="UCAPTION" LANG="ENG" VALUE="New Command Reference"/>
<PROPERTY NAME="UCHERRYREFERENCE" VALUE=""/>
<PROPERTY NAME="UCOMMANDID" VALUE="4EA3F50906E94F6EBD8FFBE10FB6EC25"/>
<PROPERTY NAME="UHANDLERNAME" VALUE="CMFCCS40"/>
<PROPERTY NAME="USEQUENCE" TYPE="N" VALUE="40"/>
<PROPERTY NAME="USINGLEINSTANCE" VALUE="TRUE"/>
<PROPERTY NAME="UWAMCOMPONENT" VALUE="VFU0551"/>
<PROPERTY NAME="UWEBHANDLERFUNCTION" VALUE="VFU0351"/>
<PROPERTY NAME="UWEBHANDLERPROCESS" VALUE="VF_PR003"/>
</MEMBER>
<MEMBER CLASS="VF_FP010" ID="82B02EF654EE484AB282CA06BFE77C39">
<PROPERTY NAME="IP_LAST" VALUE="20160111-114943-BAXTERB01"/>
<PROPERTY NAME="UCAPTION" LANG="ENG" VALUE="New Command Reference"/>
<PROPERTY NAME="UCHERRYREFERENCE" VALUE=""/>
<PROPERTY NAME="UCOMMANDID" VALUE="BED3278DDE73442A8D5D4569897AC984"/>
<PROPERTY NAME="UHANDLERNAME" VALUE="CMFCCS35"/>
<PROPERTY NAME="USEQUENCE" TYPE="N" VALUE="14"/>
<PROPERTY NAME="USINGLEINSTANCE" VALUE="TRUE"/>
<PROPERTY NAME="UWAMCOMPONENT" VALUE="VFU0551"/>
<PROPERTY NAME="UWEBHANDLERFUNCTION" VALUE="VFU0351"/>
<PROPERTY NAME="UWEBHANDLERPROCESS" VALUE="VF_PR003"/>
</MEMBER>
<MEMBER CLASS="VF_FP010" ID="F39E31E759444C0EA9B59E34D31FC966">
<PROPERTY NAME="IP_LAST" VALUE="20160111-115026-BAXTERB01"/>
<PROPERTY NAME="UCAPTION" LANG="ENG" VALUE="New Command Reference"/>
<PROPERTY NAME="UCHERRYREFERENCE" VALUE=""/>
<PROPERTY NAME="UCOMMANDID" VALUE="F67B67A633C44814BBC32F411AD92E52"/>
<PROPERTY NAME="UHANDLERNAME" VALUE="CMFCCS45"/>
<PROPERTY NAME="USEQUENCE" TYPE="N" VALUE="35"/>
<PROPERTY NAME="USINGLEINSTANCE" VALUE="TRUE"/>
<PROPERTY NAME="UWAMCOMPONENT" VALUE="VFU0551"/>
<PROPERTY NAME="UWEBHANDLERFUNCTION" VALUE="VFU0351"/>
<PROPERTY NAME="UWEBHANDLERPROCESS" VALUE="VF_PR003"/>
</MEMBER>
<MEMBER CLASS="VF_FP010" ID="D91CDDD6B83E4DFC80198B9121491C09">
<PROPERTY NAME="CA_HEADFIELDTOTAL" TYPE="N" VALUE="0"/>
<PROPERTY NAME="CA_LISTFIELDTOTAL" TYPE="N" VALUE="0"/>
<PROPERTY NAME="IP_LAST" VALUE="20160111-114947-BAXTERB01"/>
<PROPERTY NAME="UCAPTION" LANG="ENG" VALUE="New Command Reference"/>
<PROPERTY NAME="UCHERRYREFERENCE" VALUE=""/>
<PROPERTY NAME="UCOMMANDID" VALUE="BAA247DEF5CB4E22A8F74C99E871A811"/>
<PROPERTY NAME="UDEFAULT" VALUE="TRUE"/>
<PROPERTY NAME="UHANDLERNAME" VALUE="CMFCCS01"/>
<PROPERTY NAME="USEQUENCE" TYPE="N" VALUE="16"/>
<PROPERTY NAME="USINGLEINSTANCE" VALUE="TRUE"/>
<PROPERTY NAME="UWAMCOMPONENT" VALUE="VFU0551"/>
<PROPERTY NAME="UWEBHANDLERFUNCTION" VALUE="VFU0351"/>
<PROPERTY NAME="UWEBHANDLERPROCESS" VALUE="VF_PR003"/>
</MEMBER>
<MEMBER CLASS="VF_FP010" ID="CE3FB26407C64C259BB21DEE06056A58">
<PROPERTY NAME="IP_LAST" VALUE="20160111-114933-BAXTERB01"/>
<PROPERTY NAME="UCAPTION" LANG="ENG" VALUE="New Command Reference"/>
<PROPERTY NAME="UCHERRYREFERENCE" VALUE=""/>
<PROPERTY NAME="UCOMMANDID" VALUE="B10AF5E01BCB42518F78118C41B16F7C"/>
<PROPERTY NAME="UHANDLERNAME" VALUE="CMFCCS10"/>
<PROPERTY NAME="USEQUENCE" TYPE="N" VALUE="10"/>
<PROPERTY NAME="USINGLEINSTANCE" VALUE="TRUE"/>
<PROPERTY NAME="UWAMCOMPONENT" VALUE="VFU0551"/>
<PROPERTY NAME="UWEBHANDLERFUNCTION" VALUE="VFU0351"/>
<PROPERTY NAME="UWEBHANDLERPROCESS" VALUE="VF_PR003"/>
</MEMBER>
<MEMBER CLASS="VF_FP010" ID="CF52DB02FDEF4C3AAE7233E8FF2AD2F7">
<PROPERTY NAME="IP_LAST" VALUE="20160111-115041-BAXTERB01"/>
<PROPERTY NAME="UCAPTION" LANG="ENG" VALUE="New Command Reference"/>
<PROPERTY NAME="UCHERRYREFERENCE" VALUE=""/>
<PROPERTY NAME="UCOMMANDID" VALUE="3780289DD38744B09C9030B308DF37CE"/>
<PROPERTY NAME="UHANDLERNAME" VALUE="CMFCCS55"/>
<PROPERTY NAME="USEQUENCE" TYPE="N" VALUE="50"/>
<PROPERTY NAME="USINGLEINSTANCE" VALUE="TRUE"/>
<PROPERTY NAME="UWAMCOMPONENT" VALUE="VFU0551"/>
<PROPERTY NAME="UWEBHANDLERFUNCTION" VALUE="VFU0351"/>
<PROPERTY NAME="UWEBHANDLERPROCESS" VALUE="VF_PR003"/>
</MEMBER>
<MEMBER CLASS="VF_FP010" ID="70B01499C5ED4265A28FE4034E5B1A17">
<PROPERTY NAME="IP_LAST" VALUE="20160111-115046-BAXTERB01"/>
<PROPERTY NAME="UCAPTION" LANG="ENG" VALUE="New Command Reference"/>
<PROPERTY NAME="UCHERRYREFERENCE" VALUE=""/>
<PROPERTY NAME="UCOMMANDID" VALUE="4AA41939AF5C4E1DA659E06253AE03AC"/>
<PROPERTY NAME="UHANDLERNAME" VALUE="CMFCCS60"/>
<PROPERTY NAME="USEQUENCE" TYPE="N" VALUE="55"/>
<PROPERTY NAME="USINGLEINSTANCE" VALUE="TRUE"/>
<PROPERTY NAME="UWAMCOMPONENT" VALUE="VFU0551"/>
<PROPERTY NAME="UWEBHANDLERFUNCTION" VALUE="VFU0351"/>
<PROPERTY NAME="UWEBHANDLERPROCESS" VALUE="VF_PR003"/>
</MEMBER>
<MEMBER CLASS="VF_FP010" ID="80B8C51A821D40A795DB227C3AF72A0F">
<PROPERTY NAME="IP_LAST" VALUE="20160111-114837-BAXTERB01"/>
<PROPERTY NAME="UCAPTION" LANG="ENG" VALUE="New Command Reference"/>
<PROPERTY NAME="UCHERRYREFERENCE" VALUE=""/>
<PROPERTY NAME="UCOMMANDID" VALUE="B9C555ECA9D5458C9D0B4CE6594098A5"/>
<PROPERTY NAME="UHANDLERNAME" VALUE="CMFCCS75"/>
<PROPERTY NAME="USEQUENCE" TYPE="N" VALUE="2"/>
<PROPERTY NAME="USINGLEINSTANCE" VALUE="TRUE"/>
<PROPERTY NAME="UWAMCOMPONENT" VALUE="VFU0551"/>
<PROPERTY NAME="UWEBHANDLERFUNCTION" VALUE="VFU0351"/>
<PROPERTY NAME="UWEBHANDLERPROCESS" VALUE="VF_PR003"/>
</MEMBER>
<MEMBER CLASS="VF_FP010" ID="E0DE3A1F0F234A7FB5F5455765E2531D">
<PROPERTY NAME="IP_LAST" VALUE="20160111-114956-BAXTERB01"/>
<PROPERTY NAME="UCAPTION" LANG="ENG" VALUE="New Command Reference"/>
<PROPERTY NAME="UCHERRYREFERENCE" VALUE=""/>
<PROPERTY NAME="UCOMMANDID" VALUE="051F0FB6ED334B63801B536BB31E34E7"/>
<PROPERTY NAME="UHANDLERNAME" VALUE="CMFCCS85"/>
<PROPERTY NAME="USEQUENCE" TYPE="N" VALUE="18"/>
<PROPERTY NAME="USINGLEINSTANCE" VALUE="TRUE"/>
<PROPERTY NAME="UWAMCOMPONENT" VALUE="VFU0551"/>
<PROPERTY NAME="UWEBHANDLERFUNCTION" VALUE="VFU0351"/>
<PROPERTY NAME="UWEBHANDLERPROCESS" VALUE="VF_PR003"/>
</MEMBER>
<MEMBER CLASS="VF_FP010" ID="EB694C1C99E0446999264D6CB08B33ED">
<PROPERTY NAME="IP_LAST" VALUE="20160111-115053-BAXTERB01"/>
<PROPERTY NAME="UCAPTION" LANG="ENG" VALUE="New Command Reference"/>
<PROPERTY NAME="UCHERRYREFERENCE" VALUE=""/>
<PROPERTY NAME="UCOMMANDID" VALUE="D52F170E28C442F58656DE69A6CBA40E"/>
<PROPERTY NAME="UHANDLERNAME" VALUE="CMFCCS30"/>
<PROPERTY NAME="USEQUENCE" TYPE="N" VALUE="60"/>
<PROPERTY NAME="USINGLEINSTANCE" VALUE="TRUE"/>
<PROPERTY NAME="UWAMCOMPONENT" VALUE="VFU0551"/>
<PROPERTY NAME="UWEBHANDLERFUNCTION" VALUE="VFU0351"/>
<PROPERTY NAME="UWEBHANDLERPROCESS" VALUE="VF_PR003"/>
</MEMBER>
<MEMBER CLASS="VF_FP010" ID="500F8DF5FAF64521A3A7BA1DBF44798A">
<PROPERTY NAME="IP_LAST" VALUE="20160111-115015-BAXTERB01"/>
<PROPERTY NAME="UCAPTION" LANG="ENG" VALUE="New Command Reference"/>
<PROPERTY NAME="UCHERRYREFERENCE" VALUE=""/>
<PROPERTY NAME="UCOMMANDID" VALUE="F2F559AF37C2436490A20C7C18A3CF3D"/>
<PROPERTY NAME="UHANDLERNAME" VALUE="CMFCCS65"/>
<PROPERTY NAME="USEQUENCE" TYPE="N" VALUE="30"/>
<PROPERTY NAME="USINGLEINSTANCE" VALUE="TRUE"/>
<PROPERTY NAME="UWAMCOMPONENT" VALUE="VFU0551"/>
<PROPERTY NAME="UWEBHANDLERFUNCTION" VALUE="VFU0351"/>
<PROPERTY NAME="UWEBHANDLERPROCESS" VALUE="VF_PR003"/>
</MEMBER>
<MEMBER CLASS="VF_FP010" ID="12426AA7BFC44061B3318270702A4C63">
<PROPERTY NAME="IP_LAST" VALUE="20160111-115020-BAXTERB01"/>
<PROPERTY NAME="UCAPTION" LANG="ENG" VALUE="New Command Reference"/>
<PROPERTY NAME="UCHERRYREFERENCE" VALUE=""/>
<PROPERTY NAME="UCOMMANDID" VALUE="95CFD6372B7C46AEAE6A0220CCEE5CBB"/>
<PROPERTY NAME="UHANDLERNAME" VALUE="CMFCCS90"/>
<PROPERTY NAME="USEQUENCE" TYPE="N" VALUE="32"/>
<PROPERTY NAME="USINGLEINSTANCE" VALUE="TRUE"/>
<PROPERTY NAME="UWAMCOMPONENT" VALUE="VFU0551"/>
<PROPERTY NAME="UWEBHANDLERFUNCTION" VALUE="VFU0351"/>
<PROPERTY NAME="UWEBHANDLERPROCESS" VALUE="VF_PR003"/>
</MEMBER>
<MEMBER CLASS="VF_FP014" ID="880BC87B045C4CBBA16952DE6516EA16">
<PROPERTY NAME="IP_LAST" VALUE="20150527-115125-BAXTERB01"/>
<PROPERTY NAME="UCAPTION" LANG="ENG" VALUE="Customer Search"/>
<PROPERTY NAME="UFILTERNAME" VALUE="CMFFCS01"/>
<PROPERTY NAME="USEQUENCE" TYPE="N" VALUE="1"/>
<PROPERTY NAME="UWAMCOMPONENT" VALUE="VFU0501"/>
<PROPERTY NAME="UWEBFILTERFUNCTION" VALUE="VFU0301"/>
<PROPERTY NAME="UWEBFILTERPROCESS" VALUE="VF_PR003"/>
</MEMBER>
</OBJECT>
<OBJECT TYPE="USERPROPERTY" CLASS="VF_FP017" ID="39FF79F0221D46A8ACF36CE1142BE08A">
<PROPERTY NAME="IP_LAST" VALUE="20150520-154540-BAXTERB01"/>
<PROPERTY NAME="UCAPTION" LANG="ENG" VALUE="User Property"/>
<PROPERTY NAME="USEQUENCE" TYPE="N" VALUE="1"/>
</OBJECT>
<OBJECT TYPE="COMMAND_GROUP" CLASS="VF_FP012" ID="E1E05D0B85CA4B36BBC5410BD6DE308B">
<PROPERTY NAME="IP_LAST" VALUE="20150520-170310-BAXTERB01"/>
<PROPERTY NAME="UCAPTION" LANG="ENG" VALUE="Reports"/>
</OBJECT>
</OBJECT>
